case_id,case_type,specialty_raw,broad_specialty,family_key,cluster_key,related_tags,topic,core_problem,archetype_primary,archetype_secondary,complaint_theme,diagnosis_key,medication_device_key,age_bands_allowed,default_setting,counselling_heavy,acute,source_bank,source_key,source_status,enabled_strict,index_variant_count,source_variant_count,metadata_confidence,review_notes,rank_1,rank_2,rank_3,rank_4,rank_5,rank_6,rank_7,rank_8
haem_thalassaemia_genetic,counselling_management,Haematology / Genetics,Haematology,haem_thalassaemia_genetic,genetic_haematology,,"Beta-thalassaemia minor — results, inheritance, and pre-conception planning",Beta-thalassaemia minor genetic counselling,results_counselling,diagnosis_management,Beta-thalassaemia minor,beta_thalassaemia_minor_genetic_counselling,,young adult;middle-aged adult;older adult,general practice,True,False,Counselling Trainer,,index_only,False,1,0,medium,No exact detailed Counselling Trainer entry found; disabled in strict-source mode.,104,160,4,184,118,166,18,173
dm_t1_repeat_script,counselling_management,Diabetes,Diabetes,dm_t1_repeat_script,type1_diabetes,diabetes,"T1DM — repeat scripts, comprehensive review",Type 1 diabetes comprehensive counselling (repeat script visit),counselling_only,,diabetes,type_1_diabetes_comprehensive_counselling_repeat_script_visit,,young adult;middle-aged adult;older adult,general practice,True,False,Counselling Trainer,dm_t1_repeat_script_v1,verified,True,1,1,high,,79,171,109,138,107,186,124,143
vax_gardasil,counselling_management,Vaccination,Vaccination,vax_gardasil,hpv_vaccination,vaccination,Gardasil (HPV) vaccine — mother's concern about encouraging sexual activity,HPV (Gardasil) vaccine counselling,preventive_counselling,counselling_only,HPV vaccination,hpv_gardasil_vaccine_counselling,hpv_vaccine,adolescent;middle-aged adult,general practice,True,False,Counselling Trainer,vax_gardasil_v1,verified,True,1,1,high,,118,88,93,38,162,189,147,126
psych_adolescent_porn,counselling_management,Psychiatry / Adolescent Health,Psychiatry,psych_adolescent_porn,psychiatry_other,,Mother concerned about teenage daughter watching pornography,Adolescent pornography exposure — parental counselling,counselling_only,,Mother concerned about teenage daughter watching pornography,adolescent_pornography_exposure_parental_counselling,,adolescent;middle-aged adult,mental health service,True,False,Counselling Trainer,,index_only,False,1,0,medium,No exact detailed Counselling Trainer entry found; disabled in strict-source mode.,70,135,187,10,166,36,178,25
pulm_asthma_stepup,counselling_management,Pulmonology,Respiratory,pulm_asthma_stepup,asthma_management,,Poorly controlled asthma — step-up therapy,Asthma control assessment and step-up management,counselling_only,,Poorly controlled asthma,asthma_control_assessment_and_step_up_management,,young adult;middle-aged adult;older adult,general practice,True,False,Counselling Trainer,pulm_asthma_stepup_v1,verified,True,1,1,high,,107,27,61,181,65,144,41,179
msk_colles_cast_care,counselling_management,MSK / Orthopaedics,Musculoskeletal,msk_colles_cast_care,fracture_aftercare,,Colles fracture — cast care and follow-up plan,Cast care and follow-up counselling (Colles fracture),patient_device_education,history_counselling,Colles fracture,cast_care_and_follow_up_counselling_colles_fracture,,young adult;middle-aged adult;older adult,general practice,True,False,Counselling Trainer,msk_colles_cast_care_v1,verified,True,1,1,high,,18,185,54,179,117,115,105,19
haem_hemochromatosis,counselling_management,Haematology,Haematology,haem_hemochromatosis,genetic_haematology,,Hereditary haemochromatosis — family history counselling,Hereditary haemochromatosis counselling,preventive_counselling,counselling_only,Hereditary haemochromatosis,hereditary_haemochromatosis_counselling,,young adult;middle-aged adult;older adult,general practice,True,False,Counselling Trainer,haem_hemochromatosis_v1,verified,True,1,1,high,,149,84,36,62,44,47,97,26
atsi_715_health_assessment,counselling_management,Aboriginal Health,Aboriginal Health,atsi_715_health_assessment,atsi_preventive_health,,715 Health Assessment — offering and explaining an annual ATSI health check,715 Health Assessment counselling (ATSI-specific preventive care),preventive_counselling,counselling_only,715 Health Assessment,715_health_assessment_counselling_atsi_specific_preventive_care,,young adult;middle-aged adult;older adult,general practice,True,False,Counselling Trainer,atsi_715_health_assessment_v1,verified,True,1,1,high,,29,15,182,150,53,37,103,171
periop_splenic_trauma,counselling_management,Perioperative / Trauma,Perioperative,periop_splenic_trauma,perioperative_counselling,,"Splenic laceration post-MVA — explaining to mother, immediate & long-term (asplenia) counselling",Splenic injury counselling (to parent) with lifelong asplenia precautions,counselling_only,acute_management,Splenic laceration post-MVA,splenic_injury_counselling_to_parent_with_lifelong_asplenia_precautions,,young adult;middle-aged adult;older adult,hospital ward,True,True,Counselling Trainer,periop_splenic_trauma_v1,verified,True,1,1,high,,51,109,172,188,46,128,87,22
psych_pnes,counselling_management,Psychiatry / Neurology,Psychiatry,psych_pnes,functional_neurological_disorder,,"Psychogenic non-epileptic seizure (PNES) — explaining to welfare counsellor, immediate + long-term management",PNES (pseudoseizure) counselling to third party (welfare counsellor),counselling_only,,Psychogenic non-epileptic seizure (PNES),pnes_pseudoseizure_counselling_to_third_party_welfare_counsellor,,young adult;middle-aged adult;older adult,mental health service,True,False,Counselling Trainer,psych_pnes_v1,verified,True,1,1,high,,127,71,22,182,30,16,145,9
cancer_melanoma_spikes,counselling_management,Oncology,Oncology,cancer_melanoma_spikes,skin_cancer,oncology,"Melanoma — breaking bad news, results & management (SPIKES)",Melanoma breaking bad news and management (SPIKES),communication_challenge,results_counselling,Melanoma,melanoma_breaking_bad_news_and_management_spikes,,young adult;middle-aged adult;older adult,outpatient/specialist clinic,True,False,Counselling Trainer,cancer_melanoma_spikes_v1,verified,True,1,1,high,,144,46,131,121,175,168,63,110
id_hiv_pep_counselling,counselling_management,Infectious Diseases / Sexual Health,Sexual Health,id_hiv_pep_counselling,sexual_risk_prevention,sexual_health,"HIV testing after unprotected sex overseas — risk assessment, testing, PEP/PrEP explanation",HIV post-exposure risk assessment and testing counselling,preventive_counselling,counselling_only,HIV testing after unprotected sex overseas,hiv_post_exposure_risk_assessment_and_testing_counselling,hiv_prep,young adult;middle-aged adult;older adult,sexual health clinic,True,False,Counselling Trainer,,index_only,False,1,0,medium,No exact detailed Counselling Trainer entry found; disabled in strict-source mode.,158,4,119,103,151,81,62,99
cancer_incidental_thyroid_nodule,counselling_management,Oncology / Endocrine,Oncology,cancer_incidental_thyroid_nodule,thyroid_neoplasm,oncology;sexual_health,Incidental thyroid nodule found on stroke workup CT — history and investigation planning,Incidental thyroid nodule counselling (history and TSH-guided workup),results_counselling,diagnosis_management,Incidental thyroid nodule found on stroke workup CT,incidental_thyroid_nodule_counselling_history_and_tsh_guided_workup,,young adult;middle-aged adult;older adult,sexual health clinic,True,False,Counselling Trainer,,index_only,False,1,0,medium,No exact detailed Counselling Trainer entry found; disabled in strict-source mode.,36,41,127,159,111,22,131,182
msk_osteopenia_copd_falls,counselling_management,MSK / Endocrine,Musculoskeletal,msk_osteopenia_copd_falls,bone_health,,"Osteopenia — DEXA results, contributing factors (steroid use, COPD), falls",Osteopenia counselling with COPD and falls risk,results_counselling,diagnosis_management,Osteopenia,osteopenia_counselling_with_copd_and_falls_risk,,young adult;middle-aged adult;older adult,outpatient/specialist clinic,True,False,Counselling Trainer,msk_osteopenia_copd_falls_v1,verified,True,1,1,high,,16,150,12,84,41,8,33,32
derm_shingles,counselling_management,Dermatology,Dermatology,derm_shingles,herpes_zoster,,"Shingles — history, diagnosis, immunocompromise workup, management",Shingles counselling with immunocompromise screen,diagnosis_management,history_management,Shingles,shingles_counselling_with_immunocompromise_screen,,young adult;middle-aged adult;older adult,general practice,False,False,Counselling Trainer,derm_shingles_v1,verified,True,1,1,high,,130,111,2,53,85,101,65,56
neuro_delirium_family,counselling_management,Neurology / Geriatrics,Urology,neuro_delirium_family,cognitive_disorders_family_counselling,,"Delirium — explain to next of kin, multifactorial causes, management","Delirium counselling (to next of kin, non-English-speaking patient)",counselling_only,,Delirium,delirium_counselling_to_next_of_kin_non_english_speaking_patient,,older adult,general practice,True,False,Counselling Trainer,neuro_delirium_family_v1,verified,True,1,1,high,,78,35,95,146,101,26,113,144
anticoag_preop_warfarin_bridging,counselling_management,Anticoagulation,Anticoagulation,anticoag_preop_warfarin_bridging,perioperative_anticoagulation,oncology;anticoagulation,Pre-op warfarin bridging — bowel cancer surgery,Pre-operative warfarin counselling with bridging,medication_counselling,history_management,anticoagulation,pre_operative_warfarin_counselling_with_bridging,warfarin,young adult;middle-aged adult;older adult,hospital ward,True,False,Counselling Trainer,anticoag_preop_warfarin_bridging_v1,verified,True,1,1,high,,114,140,176,189,94,79,60,18
cv_hyperlipidemia_results,counselling_management,Cardiovascular,Cardiovascular,cv_hyperlipidemia_results,cv_risk_lipid_management,,Hyperlipidaemia — results & management (known diabetic),Hyperlipidaemia results counselling,results_counselling,diagnosis_management,Hyperlipidaemia,hyperlipidaemia_results_counselling,,young adult;middle-aged adult;older adult,general practice,True,False,Counselling Trainer,cv_hyperlipidemia_results_v1,verified,True,1,1,high,,154,73,190,7,149,61,12,83
paeds_hernia_undescended_testis,counselling_management,Paediatrics,Paediatrics,paeds_hernia_undescended_testis,paediatric_surgery,sexual_health,Umbilical hernia + inguinal hernia + undescended testis — combined counselling,"Umbilical hernia, inguinal hernia and undescended testis counselling",counselling_only,,Umbilical hernia + inguinal hernia + undescended testis,umbilical_hernia_inguinal_hernia_and_undescended_testis_counselling,,infant;child;adolescent,sexual health clinic,True,False,Counselling Trainer,paeds_hernia_undescended_testis_v1,verified,True,1,1,high,,76,74,183,83,154,134,6,69
psych_alzheimers_carer,counselling_management,Psychiatry / Geriatrics,Psychiatry,psych_alzheimers_carer,cognitive_disorders_family_counselling,,"Alzheimer's disease — counselling daughter/carer, Q&A format","Alzheimer's disease counselling (to carer, FAQ format)",counselling_only,,Alzheimer's disease,alzheimer_s_disease_counselling_to_carer_faq_format,,older adult,mental health service,True,False,Counselling Trainer,psych_alzheimers_carer_v1,verified,True,1,1,high,,95,149,111,162,90,77,167,89
obgyn_cervical_screening_hsil,counselling_management,Gynaecology / Oncology,Gynaecology,obgyn_cervical_screening_hsil,gynae_oncology,,Cervical screening results — HPV 16 positive with progression from LSIL to HSIL,"Cervical screening test results counselling (HPV16, HSIL progression)",results_counselling,diagnosis_management,Cervical screening results,cervical_screening_test_results_counselling_hpv16_hsil_progression,hpv_vaccine,young adult;middle-aged adult;older adult,outpatient/specialist clinic,True,False,Counselling Trainer,,index_only,False,1,0,medium,No exact detailed Counselling Trainer entry found; disabled in strict-source mode.,12,138,70,113,2,174,64,153
psych_ect_family,counselling_management,Psychiatry,Psychiatry,psych_ect_family,ect_counselling,,ECT counselling — son of patient with treatment-resistant depression,ECT counselling (to family member),counselling_only,,ECT counselling,ect_counselling_to_family_member,,young adult;middle-aged adult;older adult,mental health service,True,False,Counselling Trainer,psych_ect_family_v1,verified,True,1,1,high,,172,94,50,168,17,29,96,88
paeds_ome_speech_delay,counselling_management,Paediatrics / ENT,Paediatrics,paeds_ome_speech_delay,paediatric_development,,Otitis media with effusion — speech delay work-up and counselling,Otitis media with effusion (OME) counselling for speech delay,history_counselling,diagnosis_management,Otitis media with effusion,otitis_media_with_effusion_ome_counselling_for_speech_delay,,infant;child;adolescent,paediatric clinic,True,False,Counselling Trainer,,index_only,False,1,0,medium,No exact detailed Counselling Trainer entry found; disabled in strict-source mode.,136,93,28,12,109,64,190,42
obgyn_sle_preconception,counselling_management,Obstetrics / Rheumatology,Obstetrics,obgyn_sle_preconception,antenatal_results_risk_counselling,pregnancy_maternity;sexual_health,SLE pre-conception counselling — planning pregnancy 3 years post-diagnosis,SLE pre-conception counselling (pregnancy complications and investigations),results_counselling,diagnosis_management,SLE pre-conception counselling,sle_pre_conception_counselling_pregnancy_complications_and_investigations,,young adult;middle-aged adult,antenatal clinic,True,False,Counselling Trainer,,index_only,False,1,0,medium,No exact detailed Counselling Trainer entry found; disabled in strict-source mode.,2,137,171,173,14,162,40,11
vasc_epistaxis,counselling_management,Vascular / ENT,Vascular,vasc_epistaxis,epistaxis,,"Epistaxis — first aid demonstration, history, diagnosis",Epistaxis counselling (first aid demonstration + nasal steroid cause),patient_device_education,history_counselling,Epistaxis,epistaxis_counselling_first_aid_demonstration_nasal_steroid_cause,,young adult;middle-aged adult;older adult,general practice,True,False,Counselling Trainer,vasc_epistaxis_v1,verified,True,1,1,high,,175,144,30,33,180,179,54,12
obgyn_perimenopause_hrt,counselling_management,Gynaecology,Gynaecology,obgyn_perimenopause_hrt,menopause_hrt,,"Perimenopause — hot flashes and irregular periods, HRT counselling",Perimenopausal HRT counselling,medication_counselling,history_management,Perimenopause,perimenopausal_hrt_counselling,hrt,middle-aged adult,general practice,True,False,Counselling Trainer,obgyn_perimenopause_hrt_v1,verified,True,1,1,high,,129,53,97,6,59,43,93,147
cancer_bowel_family_history,counselling_management,Oncology / Gastroenterology,Oncology,cancer_bowel_family_history,gastro_results_counselling,oncology,Bowel cancer risk assessment — family history in an asymptomatic patient,Bowel cancer family-history risk stratification and screening counselling,preventive_counselling,counselling_only,Bowel cancer risk assessment,bowel_cancer_family_history_risk_stratification_and_screening_counselling,,young adult;middle-aged adult;older adult,outpatient/specialist clinic,True,False,Counselling Trainer,,index_only,False,1,0,medium,No exact detailed Counselling Trainer entry found; disabled in strict-source mode.,23,48,21,92,103,66,130,38
oncology_dcis_breast,counselling_management,Oncology / Breast,Oncology,oncology_dcis_breast,breast_oncology,oncology,"Ductal carcinoma in situ (DCIS) — breaking news, treatment options, ER/PR explanation","DCIS breast cancer counselling (mastectomy vs lumpectomy, hormone receptors)",counselling_only,,Ductal carcinoma in situ (DCIS),dcis_breast_cancer_counselling_mastectomy_vs_lumpectomy_hormone_receptors,,young adult;middle-aged adult;older adult,outpatient/specialist clinic,True,False,Counselling Trainer,,index_only,False,1,0,medium,No exact detailed Counselling Trainer entry found; disabled in strict-source mode.,171,12,110,177,106,24,24,82
neuro_migraine_management,counselling_management,Neurology,Urology,neuro_migraine_management,_other,,Migraine — diagnosis explanation & step-wise management plan,Migraine counselling (diagnosis and management),diagnosis_management,history_management,Migraine,migraine_counselling_diagnosis_and_management,,young adult;middle-aged adult;older adult,general practice,False,False,Counselling Trainer,neuro_migraine_management_v1,verified,True,1,1,high,,138,101,80,26,38,164,128,165
vasc_dvt_travel,counselling_management,Vascular,Anticoagulation,vasc_dvt_travel,vascular_disease,hormonal_contraception;anticoagulation,DVT post-flight — explaining causes and anticoagulation options,"DVT counselling (travel-associated, on COCP)",medication_counselling,acute_management,DVT post-flight,dvt_counselling_travel_associated_on_cocp,combined_ocp,young adult;middle-aged adult;older adult,general practice,True,False,Counselling Trainer,,index_only,False,1,0,medium,No exact detailed Counselling Trainer entry found; disabled in strict-source mode.,65,122,99,77,89,133,57,68
obgyn_vbac,counselling_management,Obstetrics,Obstetrics,obgyn_vbac,birth_after_caesarean,pregnancy_maternity,"VBAC counselling — prior C-section, 8 weeks pregnant",VBAC (vaginal birth after caesarean) counselling,counselling_only,,VBAC counselling,vbac_vaginal_birth_after_caesarean_counselling,,young adult;middle-aged adult,antenatal clinic,True,False,Counselling Trainer,obgyn_vbac_v1,verified,True,1,1,high,,131,63,41,180,153,161,42,20
periop_highrisk_recommend_against,counselling_management,Perioperative,Perioperative,periop_highrisk_recommend_against,perioperative_counselling,,"Pre-op assessment — high surgical risk, recommending against proceeding","Pre-operative risk counselling (high-risk patient, surgery not recommended)",communication_challenge,results_counselling,Pre-op assessment,pre_operative_risk_counselling_high_risk_patient_surgery_not_recommended,,young adult;middle-aged adult;older adult,hospital ward,True,False,Counselling Trainer,periop_highrisk_recommend_against_v1,verified,True,1,1,high,,64,79,83,153,61,122,91,137
obgyn_gardasil,counselling_management,Gynaecology / Vaccination,Gynaecology,obgyn_gardasil,hpv_vaccination,vaccination,"Gardasil consent — mother's concern re: sexual activity, evidence-based reassurance",HPV (Gardasil) vaccine consent counselling — mother of 12-year-old,preventive_counselling,counselling_only,HPV vaccination,hpv_gardasil_vaccine_consent_counselling_mother_of_12_year_old,hpv_vaccine,adolescent;middle-aged adult,general practice,True,False,Counselling Trainer,,index_only,False,1,0,medium,No exact detailed Counselling Trainer entry found; disabled in strict-source mode.,105,115,189,5,171,138,67,151
isbar_diverticular_bleed,counselling_management,Communication / Handover,Communication,isbar_diverticular_bleed,clinical_handover,,ISBAR phone handover — diverticular bleed,"ISBAR handover (diverticular bleed, referral for angioembolization)",communication_challenge,acute_management,ISBAR phone handover,isbar_handover_diverticular_bleed_referral_for_angioembolization,,young adult;middle-aged adult;older adult,hospital ward,True,False,Counselling Trainer,isbar_diverticular_bleed_v1,verified,True,1,1,high,,88,118,104,183,178,106,73,185
travel_se_asia,counselling_management,Travel Medicine,Travel Medicine,travel_se_asia,travel_medicine,,"Pre-travel counselling — SE Asia/Malaysia, malaria prophylaxis",Travel medicine counselling (ABCDEFGS mnemonic),preventive_counselling,counselling_only,Pre-travel counselling,travel_medicine_counselling_abcdefgs_mnemonic,,young adult;middle-aged adult;older adult,general practice,True,False,Counselling Trainer,travel_se_asia_v1,verified,True,1,1,high,,116,164,142,104,134,155,129,92
sh_msm_prep,counselling_management,Sexual Health,Sexual Health,sh_msm_prep,sexual_risk_prevention,sexual_health,"MSM — new relationship, STI counselling & PrEP",MSM STI/PrEP counselling,counselling_only,,MSM,msm_sti_prep_counselling,hiv_prep,young adult;middle-aged adult;older adult,sexual health clinic,True,False,Counselling Trainer,sh_msm_prep_v1,verified,True,1,1,high,,150,155,66,66,165,142,26,141
derm_scc_results,counselling_management,Dermatology / Oncology,Dermatology,derm_scc_results,skin_cancer,oncology,"Squamous cell carcinoma — results counselling, clear vs involved margin",SCC results counselling (branching: clear margin vs involved margin),results_counselling,diagnosis_management,Squamous cell carcinoma,scc_results_counselling_branching_clear_margin_vs_involved_margin,,young adult;middle-aged adult;older adult,outpatient/specialist clinic,True,False,Counselling Trainer,,index_only,False,1,0,medium,No exact detailed Counselling Trainer entry found; disabled in strict-source mode.,152,68,16,170,133,130,68,91
palliative_advance_directive,counselling_management,Palliative Care,Palliative Care,palliative_advance_directive,palliative_communication,,Explaining deterioration and palliative care to next of kin — advance care directive in place,Palliative care discussion with family (PEPSI COLA framework),communication_challenge,results_counselling,Explaining deterioration and palliative care to next of kin,palliative_care_discussion_with_family_pepsi_cola_framework,hiv_pep,young adult;middle-aged adult;older adult,general practice,True,False,Counselling Trainer,,index_only,False,1,0,medium,No exact detailed Counselling Trainer entry found; disabled in strict-source mode.,4,179,140,130,142,124,134,6
urology_prostate_cancer,counselling_management,Urology / Oncology,Oncology,urology_prostate_cancer,prostate_cancer,oncology,"Prostate cancer — breaking news (referred back from urologist), staging, treatment options || Prostate cancer — results and treatment options counselling","Prostate cancer counselling (breaking news, GP follow-up after urologist) || Prostate cancer counselling (results and 4 treatment options)",results_counselling,diagnosis_management,Prostate cancer,prostate_cancer_counselling_breaking_news_gp_follow_up_after_urologist_prostate_cancer_counselling_results_and_4_treatme,,young adult;middle-aged adult;older adult,outpatient/specialist clinic,True,False,Counselling Trainer,,index_only,False,2,0,medium,No exact detailed Counselling Trainer entry found; disabled in strict-source mode.,30,58,136,24,57,62,138,76
id_rubella_pregnancy,counselling_management,Infectious Diseases / Obstetrics,Obstetrics,id_rubella_pregnancy,antenatal_results_risk_counselling,pregnancy_maternity,Rubella exposure — risk assessment in a woman of reproductive age,Rubella exposure counselling (pregnancy risk assessment),preventive_counselling,counselling_only,Rubella exposure,rubella_exposure_counselling_pregnancy_risk_assessment,,young adult;middle-aged adult,antenatal clinic,True,False,Counselling Trainer,,index_only,False,1,0,medium,No exact detailed Counselling Trainer entry found; disabled in strict-source mode.,108,36,43,42,172,88,153,35
paeds_neonatal_rds,counselling_management,Paediatrics / Neonatology,Paediatrics,paeds_neonatal_rds,infant_neonatal_events,,Neonatal respiratory distress syndrome — explaining to mother after preterm delivery,Respiratory distress syndrome counselling (preterm neonate),counselling_only,,Neonatal respiratory distress syndrome,respiratory_distress_syndrome_counselling_preterm_neonate,,infant,paediatric clinic,True,False,Counselling Trainer,,index_only,False,1,0,medium,No exact detailed Counselling Trainer entry found; disabled in strict-source mode.,83,18,126,149,40,187,151,148
haem_ibd_colonoscopy,counselling_management,Gastroenterology,Haematology,haem_ibd_colonoscopy,gastro_results_counselling,,"IBD — colonoscopy results, explaining UC vs Crohn's before biopsy confirmation",IBD counselling (colonoscopy results — cover both UC and Crohn's),results_counselling,diagnosis_management,IBD,ibd_counselling_colonoscopy_results_cover_both_uc_and_crohn_s,,young adult;middle-aged adult;older adult,outpatient/specialist clinic,True,False,Counselling Trainer,haem_ibd_colonoscopy_v1,verified,True,1,1,high,,47,16,168,122,54,74,3,29
medrev_polypharmacy_ihd,counselling_management,Medication Review,Medication Review,medrev_polypharmacy_ihd,polypharmacy,,"Polypharmacy review — son as proxy, statin-diltiazem interaction, benzodiazepine tapering","Medication review counselling (son as proxy, drug interactions)",medication_counselling,history_management,Polypharmacy review,medication_review_counselling_son_as_proxy_drug_interactions,statin,young adult;middle-aged adult;older adult,general practice,True,False,Counselling Trainer,medrev_polypharmacy_ihd_v1,verified,True,1,1,high,,115,166,117,64,150,110,31,120
psych_smoking_motivated,counselling_management,Psychiatry / Addiction,Psychiatry,psych_smoking_motivated,smoking_cessation,,Smoking cessation — motivated patient after hospital admission,"Smoking cessation counselling (motivated, ASK-ASSESS-ADVICE-ASSIST-ARRANGE)",counselling_only,,smoking cessation,smoking_cessation_counselling_motivated_ask_assess_advice_assist_arrange,,young adult;middle-aged adult;older adult,mental health service,True,False,Counselling Trainer,,index_only,False,1,0,medium,No exact detailed Counselling Trainer entry found; disabled in strict-source mode.,112,188,58,41,72,34,185,37
obgyn_hiv_pregnancy,counselling_management,Obstetrics / Infectious Diseases,Obstetrics,obgyn_hiv_pregnancy,antenatal_results_risk_counselling,pregnancy_maternity;sexual_health,"HIV diagnosis in pregnancy — first antenatal blood results, breaking bad news","HIV diagnosis in pregnancy counselling (SPIKES, mother-to-child transmission)",communication_challenge,results_counselling,HIV diagnosis in pregnancy,hiv_diagnosis_in_pregnancy_counselling_spikes_mother_to_child_transmission,,young adult;middle-aged adult,antenatal clinic,True,False,Counselling Trainer,,index_only,False,1,0,medium,No exact detailed Counselling Trainer entry found; disabled in strict-source mode.,81,86,65,135,81,94,51,50
dm_hypoglycemia_gliclazide,counselling_management,Diabetes,Diabetes,dm_hypoglycemia_gliclazide,diabetes_medication_safety,diabetes,Hypoglycaemia after ED admission — new gliclazide implicated,Hypoglycaemia counselling (medication-induced),medication_counselling,acute_management,diabetes,hypoglycaemia_counselling_medication_induced,gliclazide,young adult;middle-aged adult;older adult,emergency department,True,True,Counselling Trainer,dm_hypoglycemia_gliclazide_v1,verified,True,1,1,high,,3,162,91,132,13,21,143,129
vax_influenza_hesitancy,counselling_management,Vaccination,Vaccination,vax_influenza_hesitancy,vaccination,,Influenza vaccine — egg allergy + recent steroid course concerns,"Influenza vaccine counselling (egg allergy, vaccine hesitancy)",preventive_counselling,counselling_only,vaccination,influenza_vaccine_counselling_egg_allergy_vaccine_hesitancy,influenza_vaccine,young adult;middle-aged adult;older adult,general practice,True,False,Counselling Trainer,vax_influenza_hesitancy_v1,verified,True,1,1,high,,106,151,121,88,146,50,92,39
cancer_ptc_thyroid,counselling_management,Oncology,Oncology,cancer_ptc_thyroid,thyroid_neoplasm,oncology,"Papillary thyroid carcinoma — FNA results, breaking bad news, management",Papillary thyroid carcinoma — breaking bad news and management (SPIKES),communication_challenge,results_counselling,Papillary thyroid carcinoma,papillary_thyroid_carcinoma_breaking_bad_news_and_management_spikes,,young adult;middle-aged adult;older adult,outpatient/specialist clinic,True,False,Counselling Trainer,cancer_ptc_thyroid_v1,verified,True,1,1,high,,100,141,13,22,6,143,140,30
id_condom_failure,counselling_management,Infectious Diseases / Sexual Health,Sexual Health,id_condom_failure,sexual_risk_prevention,sexual_health,Condom failure overseas — window period testing schedule and complications,Condom failure counselling (window period testing schedule),counselling_only,,Condom failure overseas,condom_failure_counselling_window_period_testing_schedule,,young adult;middle-aged adult;older adult,sexual health clinic,True,False,Counselling Trainer,,index_only,False,1,0,medium,No exact detailed Counselling Trainer entry found; disabled in strict-source mode.,134,98,42,36,63,132,29,61
derm_acne_isotretinoin,counselling_management,Dermatology,Dermatology,derm_acne_isotretinoin,dermatology_management,,Acne on isotretinoin — impacts and side effects,Acne counselling with isotretinoin side effects,medication_counselling,history_management,Acne on isotretinoin,acne_counselling_with_isotretinoin_side_effects,isotretinoin,young adult;middle-aged adult;older adult,general practice,True,False,Counselling Trainer,derm_acne_isotretinoin_v1,verified,True,1,1,high,,48,61,3,144,70,68,90,31
anticoag_noac_switch,counselling_management,Anticoagulation,Anticoagulation,anticoag_noac_switch,oral_anticoagulant_options,anticoagulation,Warfarin → NOAC switch — patient tired of frequent blood tests,Anticoagulant options counselling (warfarin vs NOAC),medication_counselling,history_management,anticoagulation,anticoagulant_options_counselling_warfarin_vs_noac,warfarin,young adult;middle-aged adult;older adult,general practice,True,False,Counselling Trainer,anticoag_noac_switch_v1,verified,True,1,1,high,,186,168,185,154,131,104,15,7
cv_abpm_results,counselling_management,Cardiovascular,Cardiovascular,cv_abpm_results,hypertension,,24-hour ABPM results — hypertensive retinopathy found,Hypertension diagnosis with end-organ damage (ABPM + fundoscopy),results_counselling,diagnosis_management,24-hour ABPM results,hypertension_diagnosis_with_end_organ_damage_abpm_fundoscopy,,young adult;middle-aged adult;older adult,general practice,True,False,Counselling Trainer,cv_abpm_results_v1,verified,True,1,1,high,,187,132,108,93,22,14,81,178
paeds_vulvovaginitis_abuse_concern,counselling_management,Paediatrics,Paediatrics,paeds_vulvovaginitis_abuse_concern,paediatric_genital_concern,,"Suspected sexual abuse — careful history, examination correlation, and reassurance (vulvovaginitis)",Vulvovaginitis counselling (mother suspects sexual abuse),communication_challenge,results_counselling,Suspected sexual abuse,vulvovaginitis_counselling_mother_suspects_sexual_abuse,,infant;child;adolescent,paediatric clinic,True,False,Counselling Trainer,,index_only,False,1,0,medium,No exact detailed Counselling Trainer entry found; disabled in strict-source mode.,44,45,169,85,98,184,179,166
obgyn_ovarian_cancer,counselling_management,Gynaecology / Oncology,Gynaecology,obgyn_ovarian_cancer,gynae_oncology,oncology,"Suspected ovarian cancer — correlating exam and imaging, breaking news",Suspected ovarian cancer counselling (SPIKES),communication_challenge,results_counselling,Suspected ovarian cancer,suspected_ovarian_cancer_counselling_spikes,,young adult;middle-aged adult;older adult,outpatient/specialist clinic,True,False,Counselling Trainer,obgyn_ovarian_cancer_v1,verified,True,1,1,high,,89,69,129,156,190,32,8,163
obgyn_hrt_longterm_risk,counselling_management,Gynaecology,Gynaecology,obgyn_hrt_longterm_risk,menopause_hrt,,"HRT repeat script — long-term use risk counselling, screening catch-up",Long-term HRT risk counselling (repeat script consultation),medication_counselling,history_management,HRT repeat script,long_term_hrt_risk_counselling_repeat_script_consultation,hrt,young adult;middle-aged adult;older adult,general practice,True,False,Counselling Trainer,,index_only,False,1,0,medium,No exact detailed Counselling Trainer entry found; disabled in strict-source mode.,96,23,179,187,91,182,106,93
cancer_incidental_breast_mass,counselling_management,Oncology / Breast,Oncology,cancer_incidental_breast_mass,breast_oncology,oncology,Incidental breast mass found on trauma CT — explaining the triple test workup,Incidental breast mass counselling (triple test),history_counselling,diagnosis_management,Incidental breast mass found on trauma CT,incidental_breast_mass_counselling_triple_test,,young adult;middle-aged adult;older adult,outpatient/specialist clinic,True,False,Counselling Trainer,,index_only,False,1,0,medium,No exact detailed Counselling Trainer entry found; disabled in strict-source mode.,26,158,72,35,136,83,160,109
neuro_epilepsy_driving,counselling_management,Neurology,Urology,neuro_epilepsy_driving,_other,,Epilepsy — driving licence counselling,Epilepsy and driving licence counselling,counselling_only,,Epilepsy,epilepsy_and_driving_licence_counselling,,young adult;middle-aged adult;older adult,general practice,True,False,Counselling Trainer,neuro_epilepsy_driving_v1,verified,True,1,1,high,,34,156,31,145,10,165,75,44
vasc_varicose_bleed_phone,counselling_management,Vascular,Vascular,vasc_varicose_bleed_phone,vascular_disease,,"Varicose vein bleeding — phone triage, distressed partner",First-aid phone counselling for bleeding varicose vein (distressed caller),communication_challenge,results_counselling,Varicose vein bleeding,first_aid_phone_counselling_for_bleeding_varicose_vein_distressed_caller,,young adult;middle-aged adult;older adult,general practice,True,True,Counselling Trainer,vasc_varicose_bleed_phone_v1,verified,True,1,1,high,,55,14,17,71,168,63,30,3
obgyn_antid_sensitisation,counselling_management,Obstetrics,Obstetrics,obgyn_antid_sensitisation,antenatal_results_risk_counselling,pregnancy_maternity;vaccination,"First antenatal bloods — Anti-D sensitisation found, critical titre",Anti-D alloimmunisation counselling (first antenatal visit results),results_counselling,diagnosis_management,First antenatal bloods,anti_d_alloimmunisation_counselling_first_antenatal_visit_results,,young adult;middle-aged adult,antenatal clinic,True,False,Counselling Trainer,obgyn_antid_sensitisation_v1,verified,True,1,1,high,,6,13,152,178,74,125,20,65
periop_early_discharge_request,counselling_management,Perioperative,Perioperative,periop_early_discharge_request,perioperative_counselling,sexual_health,Post-op day 2 — patient requesting early discharge,Post-operative discharge counselling (patient requesting to leave early),communication_challenge,results_counselling,Post-op day 2,post_operative_discharge_counselling_patient_requesting_to_leave_early,,young adult;middle-aged adult;older adult,sexual health clinic,True,False,Counselling Trainer,periop_early_discharge_request_v1,verified,True,1,1,high,,142,34,160,75,75,113,168,27
sh_fsf,counselling_management,Sexual Health,Sexual Health,sh_fsf,sexual_risk_prevention,sexual_health,"FSF — new same-sex relationship, STI counselling",Female sex with female (FSF) counselling,counselling_only,,FSF,female_sex_with_female_fsf_counselling,,young adult;middle-aged adult;older adult,sexual health clinic,True,False,Counselling Trainer,sh_fsf_v1,verified,True,1,1,high,,61,2,23,141,77,96,157,41
derm_bcc_results,counselling_management,Dermatology / Oncology,Dermatology,derm_bcc_results,skin_cancer,oncology,Basal cell carcinoma — results counselling after partial (shave) biopsy,"BCC results counselling (partial biopsy, excision planning)",results_counselling,diagnosis_management,Basal cell carcinoma,bcc_results_counselling_partial_biopsy_excision_planning,,young adult;middle-aged adult;older adult,outpatient/specialist clinic,True,False,Counselling Trainer,,index_only,False,1,0,medium,No exact detailed Counselling Trainer entry found; disabled in strict-source mode.,94,123,165,167,152,6,82,113
psych_smoking_lowmotivation,counselling_management,Psychiatry / Addiction,Psychiatry,psych_smoking_lowmotivation,smoking_cessation,,"Smoking counselling — low motivation, wife's concern prompted the visit","Smoking cessation counselling (low motivation, non-judgemental approach)",counselling_only,,smoking cessation,smoking_cessation_counselling_low_motivation_non_judgemental_approach,,young adult;middle-aged adult;older adult,mental health service,True,False,Counselling Trainer,,index_only,False,1,0,medium,No exact detailed Counselling Trainer entry found; disabled in strict-source mode.,177,62,123,161,24,11,80,90
dm_t2_results_diagnosis,counselling_management,Diabetes,Diabetes,dm_t2_results_diagnosis,type2_diabetes,diabetes,"New T2DM — incidental glucosuria, explain diagnosis",T2DM results and diagnosis counselling,results_counselling,diagnosis_management,type 2 diabetes,t2dm_results_and_diagnosis_counselling,,young adult;middle-aged adult;older adult,general practice,True,False,Counselling Trainer,dm_t2_results_diagnosis_v1,verified,True,1,1,high,,163,31,63,134,143,20,45,43
vax_mmr_autism,counselling_management,Vaccination,Vaccination,vax_mmr_autism,vaccination,,MMR vaccine — mother refusing due to autism concern,"MMR vaccine counselling (autism myth, vaccine hesitancy)",preventive_counselling,counselling_only,vaccination,mmr_vaccine_counselling_autism_myth_vaccine_hesitancy,mmr_vaccine,young adult;middle-aged adult;older adult,general practice,True,False,Counselling Trainer,vax_mmr_autism_v1,verified,True,1,1,high,,56,173,10,79,144,175,152,174
derm_scabies,counselling_management,Dermatology,Dermatology,derm_scabies,infectious_dermatology,,"Scabies — history, diagnosis & management",Scabies counselling,diagnosis_management,history_management,Scabies,scabies_counselling,,young adult;middle-aged adult;older adult,general practice,False,False,Counselling Trainer,derm_scabies_v1,verified,True,1,1,high,,93,103,19,142,21,150,28,21
anticoag_warfarin_subtherapeutic,counselling_management,Anticoagulation,Anticoagulation,anticoag_warfarin_subtherapeutic,warfarin_management,anticoagulation,"Warfarin — subtherapeutic INR at 6 months, finding the cause",Warfarin counselling — subtherapeutic INR (non-compliance workup),medication_counselling,history_management,anticoagulation,warfarin_counselling_subtherapeutic_inr_non_compliance_workup,warfarin,young adult;middle-aged adult;older adult,general practice,True,False,Counselling Trainer,anticoag_warfarin_subtherapeutic_v1,verified,True,1,1,high,,120,190,94,1,33,95,78,28
cv_risk_assessment,counselling_management,Cardiovascular,Cardiovascular,cv_risk_assessment,cv_risk_lipid_management,,"CV risk assessment — family history trigger || CV risk assessment — family history trigger, results already calculated (12%)",Cardiovascular risk assessment counselling,results_counselling,diagnosis_management,CV risk assessment,cardiovascular_risk_assessment_counselling,,young adult;middle-aged adult;older adult,general practice,True,False,Counselling Trainer,cv_risk_assessment_v1;cv_risk_assessment_v2,verified,True,2,2,high,,188,59,76,23,132,140,13,5
paeds_brue,counselling_management,Paediatrics,Paediatrics,paeds_brue,infant_neonatal_events,,"Brief resolved unexpected event (BRUE) — history, diagnosis, differentials",BRUE counselling (diagnosis of exclusion),diagnosis_management,history_management,Brief resolved unexpected event (BRUE),brue_counselling_diagnosis_of_exclusion,,infant,paediatric clinic,False,False,Counselling Trainer,,index_only,False,1,0,medium,No exact detailed Counselling Trainer entry found; disabled in strict-source mode.,160,157,98,112,115,109,123,189
obgyn_cocp_perimenopause_continuation,counselling_management,Gynaecology,Gynaecology,obgyn_cocp_perimenopause_continuation,combined_hormonal_contraception,hormonal_contraception,COCP continuation at age 47 — patient worried after reading about clot/stroke risk,Combined pill continuation counselling (perimenopausal age reassessment),medication_counselling,history_management,COCP continuation at age 47,combined_pill_continuation_counselling_perimenopausal_age_reassessment,combined_ocp,middle-aged adult,general practice,True,False,Counselling Trainer,,index_only,False,1,0,medium,No exact detailed Counselling Trainer entry found; disabled in strict-source mode.,73,82,85,70,173,139,117,128
vasc_aaa_counselling,counselling_management,Vascular,Vascular,vasc_aaa_counselling,vascular_disease,,"Abdominal aortic aneurysm — results, risk factors, management, driving/caravan concern",AAA counselling (with caravan trip wildcard concern),results_counselling,diagnosis_management,Abdominal aortic aneurysm,aaa_counselling_with_caravan_trip_wildcard_concern,,young adult;middle-aged adult;older adult,general practice,True,False,Counselling Trainer,vasc_aaa_counselling_v1,verified,True,1,1,high,,59,178,55,52,156,102,188,164
obgyn_postpartum_6week,counselling_management,Obstetrics,Obstetrics,obgyn_postpartum_6week,postpartum_care,hormonal_contraception;pregnancy_maternity,"6-week postpartum check — 5 B's, contraception options while breastfeeding",6-week postpartum check and contraception counselling,counselling_only,,6-week postpartum check,6_week_postpartum_check_and_contraception_counselling,,infant,postnatal clinic,True,False,Counselling Trainer,,index_only,False,1,0,medium,No exact detailed Counselling Trainer entry found; disabled in strict-source mode.,90,130,88,8,147,44,111,135
sh_chlamydia_gonorrhea,counselling_management,Sexual Health,Sexual Health,sh_chlamydia_gonorrhea,sti_results,sexual_health,Chlamydia + Gonorrhoea — results & management,Chlamydia + Gonorrhoea co-infection,results_counselling,diagnosis_management,positive STI results,chlamydia_gonorrhoea_co_infection,,young adult;middle-aged adult;older adult,sexual health clinic,True,False,Counselling Trainer,sh_chlamydia_gonorrhea_v1,verified,True,1,1,high,,86,24,37,111,79,9,175,121
psych_alcohol_atrisk,counselling_management,Psychiatry / Addiction,Psychiatry,psych_alcohol_atrisk,substance_use_counselling,,"At-risk alcohol use — motivated patient, brief intervention",Alcohol counselling (ASK-ASSESS-ADVICE-ASSIST-ARRANGE),counselling_only,,At-risk alcohol use,alcohol_counselling_ask_assess_advice_assist_arrange,,young adult;middle-aged adult;older adult,mental health service,True,False,Counselling Trainer,psych_alcohol_atrisk_v1,verified,True,1,1,high,,9,51,86,118,56,153,137,15
dm_t2_lifestyle_glucometer,counselling_management,Diabetes,Diabetes,dm_t2_lifestyle_glucometer,type2_diabetes,diabetes,New T2DM diagnosis — lifestyle counselling & glucometer teaching,T2DM lifestyle modification and glucometer teaching,patient_device_education,history_counselling,type 2 diabetes,t2dm_lifestyle_modification_and_glucometer_teaching,glucometer,young adult;middle-aged adult;older adult,general practice,True,False,Counselling Trainer,dm_t2_lifestyle_glucometer_v1,verified,True,1,1,high,,84,85,32,129,129,27,173,78
vax_pregnancy,counselling_management,Vaccination,Vaccination,vax_pregnancy,vaccination,pregnancy_maternity,Pregnancy vaccination counselling (pertussis + influenza),Vaccination in pregnancy counselling,preventive_counselling,counselling_only,vaccination,vaccination_in_pregnancy_counselling,,young adult;middle-aged adult,antenatal clinic,True,False,Counselling Trainer,vax_pregnancy_v1,verified,True,1,1,high,,69,114,48,81,26,112,183,134
derm_urticaria_mechanism,counselling_management,Dermatology,Dermatology,derm_urticaria_mechanism,dermatology_management,,"Urticaria — diagnosis, mechanism, differentials & management",Urticaria counselling (with mechanism explanation),diagnosis_management,history_management,Urticaria,urticaria_counselling_with_mechanism_explanation,,young adult;middle-aged adult;older adult,general practice,False,False,Counselling Trainer,derm_urticaria_mechanism_v1,verified,True,1,1,high,,37,125,147,97,181,167,61,23
anticoag_preop_noac_anxious,counselling_management,Anticoagulation,Anticoagulation,anticoag_preop_noac_anxious,perioperative_anticoagulation,anticoagulation,Pre-op NOAC counselling — anxious/complaining patient,Pre-operative NOAC counselling (anxious patient),medication_counselling,history_management,anticoagulation,pre_operative_noac_counselling_anxious_patient,doac_noac,young adult;middle-aged adult;older adult,hospital ward,True,False,Counselling Trainer,anticoag_preop_noac_anxious_v1,verified,True,1,1,high,,113,121,164,13,120,85,25,10
cv_ocp_hypertension,counselling_management,Cardiovascular,Cardiovascular,cv_ocp_hypertension,hypertension,hormonal_contraception,New hypertension in a woman recently started on the OCP,OCP-induced hypertension,medication_counselling,history_management,high blood pressure,ocp_induced_hypertension,combined_ocp,young adult;middle-aged adult;older adult,general practice,True,False,Counselling Trainer,cv_ocp_hypertension_v1,verified,True,1,1,high,,148,95,130,25,130,38,180,140
paeds_pertussis,counselling_management,Paediatrics,Paediatrics,paeds_pertussis,paediatric_respiratory_infection,,Pertussis (whooping cough) — diagnosis and household management,Pertussis diagnosis and management counselling,diagnosis_management,history_management,Pertussis (whooping cough),pertussis_diagnosis_and_management_counselling,,infant;child;adolescent,paediatric clinic,False,False,Counselling Trainer,,index_only,False,1,0,medium,No exact detailed Counselling Trainer entry found; disabled in strict-source mode.,7,104,181,169,82,118,132,101
obgyn_ocp_request,counselling_management,Gynaecology,Gynaecology,obgyn_ocp_request,combined_hormonal_contraception,hormonal_contraception,Combined OCP request — comprehensive counselling,Combined oral contraceptive pill counselling (comprehensive),medication_counselling,history_management,Combined OCP request,combined_oral_contraceptive_pill_counselling_comprehensive,combined_ocp,young adult;middle-aged adult;older adult,general practice,True,False,Counselling Trainer,obgyn_ocp_request_v1,verified,True,1,1,high,,147,56,26,73,12,158,126,86
vasc_pad,counselling_management,Vascular,Vascular,vasc_pad,vascular_disease,,"Peripheral arterial disease — diagnosis, differentials, management",Peripheral arterial disease counselling,diagnosis_management,history_management,Peripheral arterial disease,peripheral_arterial_disease_counselling,,young adult;middle-aged adult;older adult,general practice,False,False,Counselling Trainer,,index_only,False,1,0,medium,No exact detailed Counselling Trainer entry found; disabled in strict-source mode.,119,116,47,90,95,7,114,172
obgyn_nipt,counselling_management,Obstetrics,Obstetrics,obgyn_nipt,antenatal_results_risk_counselling,,NIPT counselling and results (low risk),NIPT counselling and results explanation,results_counselling,diagnosis_management,NIPT counselling and results (low risk),nipt_counselling_and_results_explanation,,young adult;middle-aged adult,antenatal clinic,True,False,Counselling Trainer,obgyn_nipt_v1,verified,True,1,1,high,,101,43,56,37,138,91,159,149
sh_chlamydia,counselling_management,Sexual Health,Sexual Health,sh_chlamydia,sti_results,sexual_health,Chlamydia — results & management,Chlamydia (isolated),results_counselling,diagnosis_management,positive STI results,chlamydia_isolated,,young adult;middle-aged adult;older adult,sexual health clinic,True,False,Counselling Trainer,sh_chlamydia_v1,verified,True,1,1,high,,50,105,146,100,182,65,16,100
psych_marijuana_dependence,counselling_management,Psychiatry / Addiction,Psychiatry,psych_marijuana_dependence,substance_use_counselling,,Marijuana dependence — father's concern after a physical altercation with brother,"Marijuana dependence counselling (family-referred, legal/social angle)",counselling_only,,Marijuana dependence,marijuana_dependence_counselling_family_referred_legal_social_angle,,young adult;middle-aged adult;older adult,mental health service,True,False,Counselling Trainer,,index_only,False,1,0,medium,No exact detailed Counselling Trainer entry found; disabled in strict-source mode.,166,133,44,158,140,54,141,108
vax_shingles,counselling_management,Vaccination,Vaccination,vax_shingles,vaccination,,Shingles vaccine — patient-requested counselling,Shingles vaccine counselling (Shingrix vs Zostavax),preventive_counselling,counselling_only,vaccination,shingles_vaccine_counselling_shingrix_vs_zostavax,shingles_vaccine,young adult;middle-aged adult;older adult,general practice,True,False,Counselling Trainer,vax_shingles_v1,verified,True,1,1,high,,54,90,11,16,96,12,127,156
anticoag_warfarin_new_start,counselling_management,Anticoagulation,Anticoagulation,anticoag_warfarin_new_start,warfarin_management,anticoagulation,"Warfarin — 3 weeks in, INR in range, results & education","Warfarin counselling — new therapy, therapeutic INR",results_counselling,diagnosis_management,anticoagulation,warfarin_counselling_new_therapy_therapeutic_inr,warfarin,young adult;middle-aged adult;older adult,general practice,True,False,Counselling Trainer,anticoag_warfarin_new_start_v1,verified,True,1,1,high,,57,129,145,126,139,78,17,54
cv_htn_medication_titration,counselling_management,Cardiovascular,Cardiovascular,cv_htn_medication_titration,hypertension,,Known hypertension — adding a second agent,Hypertension medication titration (add second agent),counselling_only,,high blood pressure,hypertension_medication_titration_add_second_agent,,young adult;middle-aged adult;older adult,general practice,True,False,Counselling Trainer,cv_htn_medication_titration_v1,verified,True,1,1,high,,1,83,74,9,112,173,55,71
paeds_immunisation_6wk,counselling_management,Paediatrics,Paediatrics,paeds_immunisation_6wk,paediatric_vaccination,vaccination,Routine 6-week immunisation counselling — first-time parents,Infant immunisation schedule counselling (6 weeks),preventive_counselling,counselling_only,Routine 6-week immunisation counselling,infant_immunisation_schedule_counselling_6_weeks,,infant,paediatric clinic,True,False,Counselling Trainer,,index_only,False,1,0,medium,No exact detailed Counselling Trainer entry found; disabled in strict-source mode.,11,65,40,117,35,23,133,84
psych_heroin_dependence,counselling_management,Psychiatry / Addiction,Psychiatry,psych_heroin_dependence,substance_use_counselling,,"Heroin dependence — financial crisis, marriage at risk, mother of two",Heroin dependence counselling (marriage/family-crisis wildcard),counselling_only,,Heroin dependence,heroin_dependence_counselling_marriage_family_crisis_wildcard,,young adult;middle-aged adult;older adult,mental health service,True,False,Counselling Trainer,,index_only,False,1,0,medium,No exact detailed Counselling Trainer entry found; disabled in strict-source mode.,92,7,79,120,93,190,38,117
paeds_down_syndrome,counselling_management,Paediatrics,Paediatrics,paeds_down_syndrome,paediatric_development,,"Suspected Down syndrome — breaking news to mother, karyotype pending","Down syndrome counselling (suspected, pending karyotype) — 5C's",counselling_only,,Suspected Down syndrome,down_syndrome_counselling_suspected_pending_karyotype_5c_s,,infant;child;adolescent,paediatric clinic,True,False,Counselling Trainer,paeds_down_syndrome_v1,verified,True,1,1,high,,91,72,118,110,58,18,107,159
cv_htn_urgency_noncompliance,counselling_management,Cardiovascular,Cardiovascular,cv_htn_urgency_noncompliance,hypertension,,Hypertensive urgency — medication non-compliance,Hypertensive urgency secondary to non-compliance,counselling_only,acute_management,Hypertensive urgency,hypertensive_urgency_secondary_to_non_compliance,,young adult;middle-aged adult;older adult,emergency department,True,True,Counselling Trainer,cv_htn_urgency_noncompliance_v1,verified,True,1,1,high,,39,146,29,34,49,114,74,162
paeds_fussy_eating,counselling_management,Paediatrics,Paediatrics,paeds_fussy_eating,paediatric_feeding,,Toddler fussy/picky eating — reassurance and behavioural advice,"Fussy eating counselling (toddler, normal growth)",counselling_only,,Toddler fussy/picky eating,fussy_eating_counselling_toddler_normal_growth,,child,paediatric clinic,True,False,Counselling Trainer,,index_only,False,1,0,medium,No exact detailed Counselling Trainer entry found; disabled in strict-source mode.,20,99,68,165,126,1,43,87
cv_statin_myopathy,counselling_management,Cardiovascular,Cardiovascular,cv_statin_myopathy,cv_risk_lipid_management,,Self-stopped statin due to muscle aches,Statin-associated muscle symptoms (statin myopathy) counselling,medication_counselling,history_management,Self-stopped statin due to muscle aches,statin_associated_muscle_symptoms_statin_myopathy_counselling,statin,young adult;middle-aged adult;older adult,general practice,True,False,Counselling Trainer,cv_statin_myopathy_v1,verified,True,1,1,high,,8,120,27,46,169,163,79,1
paeds_breastfeeding_formula,counselling_management,Paediatrics,Paediatrics,paeds_breastfeeding_formula,paediatric_feeding,pregnancy_maternity,"Breastfeeding vs formula feeding counselling, antenatal",Infant feeding counselling (breastfeeding vs formula),counselling_only,,"Breastfeeding vs formula feeding counselling, antenatal",infant_feeding_counselling_breastfeeding_vs_formula,,infant;child;adolescent,antenatal clinic,True,False,Counselling Trainer,paeds_breastfeeding_formula_v1,verified,True,1,1,high,,170,44,153,58,113,13,36,34
cv_home_bp_monitoring,counselling_management,Cardiovascular,Cardiovascular,cv_home_bp_monitoring,hypertension,,Home blood pressure monitoring — teaching the technique,Home BP monitoring counselling,patient_device_education,history_counselling,Home blood pressure monitoring,home_bp_monitoring_counselling,automated_bp_monitor,young adult;middle-aged adult;older adult,general practice,True,False,Counselling Trainer,cv_home_bp_monitoring_v1,verified,True,1,1,high,,80,107,175,155,161,129,174,62
diag_low_mood_i_m_not_coping,diagnostic_complaint,Psychiatry,Psychiatry,diag_low_mood_i_m_not_coping,diagnostic_psychiatry,,"Low Mood / ""I'm not coping""",Select a hidden diagnosis from the mapped DDx entry after complaint selection.,history_diagnosis_ddx,diagnosis_management,"Low Mood / ""I'm not coping""",,,young adult;middle-aged adult;older adult,general practice,False,False,DDx,"Low Mood / ""I'm not coping""",verified,True,1,1,high,Hidden diagnosis and diagnosis-level cooldown must be checked after this complaint is selected.,165,81,150,109,1,93,101,158
diag_epistaxis,diagnostic_complaint,ENT,ENT,diag_epistaxis,diagnostic_ent,,Epistaxis,Select a hidden diagnosis from the mapped DDx entry after complaint selection.,history_diagnosis_ddx,diagnosis_management,Epistaxis,,,young adult;middle-aged adult;older adult,general practice,False,False,DDx,Epistaxis,verified,True,1,1,high,Hidden diagnosis and diagnosis-level cooldown must be checked after this complaint is selected.,68,134,188,48,29,67,112,51
diag_dizziness_vertigo,diagnostic_complaint,Neurology,Neurology,diag_dizziness_vertigo,diagnostic_neurology,,Dizziness / Vertigo,Select a hidden diagnosis from the mapped DDx entry after complaint selection.,history_diagnosis_ddx,diagnosis_management,Dizziness / Vertigo,,,young adult;middle-aged adult;older adult,general practice,False,False,DDx,Dizziness / Vertigo,verified,True,1,1,high,Hidden diagnosis and diagnosis-level cooldown must be checked after this complaint is selected.,111,11,62,133,104,41,53,13
diag_polyphagia_increased_appetite,diagnostic_complaint,Endocrinology,Endocrinology,diag_polyphagia_increased_appetite,diagnostic_endocrinology,,Polyphagia (Increased Appetite),Select a hidden diagnosis from the mapped DDx entry after complaint selection.,history_diagnosis_ddx,diagnosis_management,Polyphagia (Increased Appetite),,,young adult;middle-aged adult;older adult,general practice,False,False,DDx,Polyphagia (Increased Appetite),verified,True,1,1,high,Hidden diagnosis and diagnosis-level cooldown must be checked after this complaint is selected.,189,17,33,172,116,121,109,33
diag_obstructive_sleep_apnoea,diagnostic_complaint,Respiratory,Respiratory,diag_obstructive_sleep_apnoea,diagnostic_respiratory,,Obstructive Sleep Apnoea,Select a hidden diagnosis from the mapped DDx entry after complaint selection.,history_diagnosis_ddx,diagnosis_management,Obstructive Sleep Apnoea,,,young adult;middle-aged adult;older adult,general practice,False,False,DDx,Obstructive Sleep Apnoea,verified,True,1,1,high,Hidden diagnosis and diagnosis-level cooldown must be checked after this complaint is selected.,43,119,141,67,186,169,120,17
diag_diarrhoea,diagnostic_complaint,Gastroenterology,Gastroenterology,diag_diarrhoea,diagnostic_gastroenterology,,Diarrhoea,Select a hidden diagnosis from the mapped DDx entry after complaint selection.,history_diagnosis_ddx,diagnosis_management,Diarrhoea,,,young adult;middle-aged adult;older adult,general practice,False,False,DDx,Diarrhoea,verified,True,1,1,high,Hidden diagnosis and diagnosis-level cooldown must be checked after this complaint is selected.,21,87,46,176,188,80,163,63
diag_high_blood_pressure_in_pregnancy,diagnostic_complaint,Obstetrics & Gynaecology,Obstetrics & Gynaecology,diag_high_blood_pressure_in_pregnancy,diagnostic_obstetrics_gynaecology,,High Blood Pressure in Pregnancy,Select a hidden diagnosis from the mapped DDx entry after complaint selection.,history_diagnosis_ddx,diagnosis_management,High Blood Pressure in Pregnancy,,,young adult;middle-aged adult,antenatal clinic,False,False,DDx,High Blood Pressure in Pregnancy,verified,True,1,1,high,Hidden diagnosis and diagnosis-level cooldown must be checked after this complaint is selected.,161,170,156,80,27,98,19,125
diag_weight_gain_unintentional,diagnostic_complaint,General Medicine,General Medicine,diag_weight_gain_unintentional,diagnostic_general_medicine,,Weight Gain (Unintentional),Select a hidden diagnosis from the mapped DDx entry after complaint selection.,history_diagnosis_ddx,diagnosis_management,Weight Gain (Unintentional),,,young adult;middle-aged adult;older adult,general practice,False,False,DDx,Weight Gain (Unintentional),verified,True,1,1,high,Hidden diagnosis and diagnosis-level cooldown must be checked after this complaint is selected.,183,75,112,50,80,149,22,139
diag_visual_disturbance_blurred_vision_loss_of_vision_diplopia,diagnostic_complaint,Ophthalmology,Ophthalmology,diag_visual_disturbance_blurred_vision_loss_of_vision_diplopia,diagnostic_ophthalmology,,"Visual Disturbance (Blurred Vision, Loss of Vision, Diplopia)",Select a hidden diagnosis from the mapped DDx entry after complaint selection.,history_diagnosis_ddx,diagnosis_management,"Visual Disturbance (Blurred Vision, Loss of Vision, Diplopia)",,,young adult;middle-aged adult;older adult,general practice,False,False,DDx,"Visual Disturbance (Blurred Vision, Loss of Vision, Diplopia)",verified,True,1,1,high,Hidden diagnosis and diagnosis-level cooldown must be checked after this complaint is selected.,42,163,81,3,66,188,186,72
diag_paediatric_diarrhoea,diagnostic_complaint,Paediatrics,Paediatrics,diag_paediatric_diarrhoea,diagnostic_paediatrics,,Paediatric Diarrhoea,Select a hidden diagnosis from the mapped DDx entry after complaint selection.,history_diagnosis_ddx,diagnosis_management,Paediatric Diarrhoea,,,infant;child;adolescent,paediatric clinic,False,False,DDx,Paediatric Diarrhoea,verified,True,1,1,high,Hidden diagnosis and diagnosis-level cooldown must be checked after this complaint is selected.,72,147,38,143,87,160,44,66
diag_fever,diagnostic_complaint,Infectious Disease,Infectious Disease,diag_fever,diagnostic_infectious_disease,,Fever,Select a hidden diagnosis from the mapped DDx entry after complaint selection.,history_diagnosis_ddx,diagnosis_management,Fever,,,young adult;middle-aged adult;older adult,general practice,False,False,DDx,Fever,verified,True,1,1,high,Hidden diagnosis and diagnosis-level cooldown must be checked after this complaint is selected.,49,52,174,94,121,135,108,8
diag_joint_pain_arthralgia_swelling_arthritis,diagnostic_complaint,Musculoskeletal,Musculoskeletal,diag_joint_pain_arthralgia_swelling_arthritis,diagnostic_musculoskeletal,,Joint Pain (Arthralgia) / Swelling (Arthritis),Select a hidden diagnosis from the mapped DDx entry after complaint selection.,history_diagnosis_ddx,examination_diagnosis,Joint Pain (Arthralgia) / Swelling (Arthritis),,,young adult;middle-aged adult;older adult,general practice,False,False,DDx,Joint Pain (Arthralgia) / Swelling (Arthritis),verified,True,1,1,high,Hidden diagnosis and diagnosis-level cooldown must be checked after this complaint is selected.,123,40,162,157,42,185,115,168
diag_syncope_fainting_loss_of_consciousness,diagnostic_complaint,Cardiology,Cardiology,diag_syncope_fainting_loss_of_consciousness,diagnostic_cardiology,,Syncope (Fainting / Loss of Consciousness),Select a hidden diagnosis from the mapped DDx entry after complaint selection.,history_diagnosis_ddx,diagnosis_management,Syncope (Fainting / Loss of Consciousness),,,young adult;middle-aged adult;older adult,general practice,False,False,DDx,Syncope (Fainting / Loss of Consciousness),verified,True,1,1,high,Hidden diagnosis and diagnosis-level cooldown must be checked after this complaint is selected.,135,189,144,57,155,107,1,49
diag_skin_rash_general,diagnostic_complaint,Dermatology,Dermatology,diag_skin_rash_general,diagnostic_dermatology,,Skin Rash (General),Select a hidden diagnosis from the mapped DDx entry after complaint selection.,history_diagnosis_ddx,examination_diagnosis,Skin Rash (General),,,young adult;middle-aged adult;older adult,general practice,False,False,DDx,Skin Rash (General),verified,True,1,1,high,Hidden diagnosis and diagnosis-level cooldown must be checked after this complaint is selected.,185,9,34,47,176,75,59,114
diag_easy_bruising_petechiae,diagnostic_complaint,Haematology,Haematology,diag_easy_bruising_petechiae,diagnostic_haematology,,Easy Bruising / Petechiae,Select a hidden diagnosis from the mapped DDx entry after complaint selection.,history_diagnosis_ddx,diagnosis_management,Easy Bruising / Petechiae,,,young adult;middle-aged adult;older adult,general practice,False,False,DDx,Easy Bruising / Petechiae,verified,True,1,1,high,Hidden diagnosis and diagnosis-level cooldown must be checked after this complaint is selected.,155,89,92,115,105,178,89,98
diag_haematuria_blood_in_urine,diagnostic_complaint,Renal / Urology,Renal / Urology,diag_haematuria_blood_in_urine,diagnostic_renal_urology,,Haematuria (Blood in Urine),Select a hidden diagnosis from the mapped DDx entry after complaint selection.,history_diagnosis_ddx,diagnosis_management,Haematuria (Blood in Urine),,,young adult;middle-aged adult;older adult,general practice,False,False,DDx,Haematuria (Blood in Urine),verified,True,1,1,high,Hidden diagnosis and diagnosis-level cooldown must be checked after this complaint is selected.,168,19,78,164,102,90,50,4
diag_this_doesn_t_feel_like_my_body_i_ve_always_known_i_was_different,diagnostic_complaint,Psychiatry,Psychiatry,diag_this_doesn_t_feel_like_my_body_i_ve_always_known_i_was_different,diagnostic_psychiatry,,"This Doesn't Feel Like My Body / ""I've always known I was different""",Select a hidden diagnosis from the mapped DDx entry after complaint selection.,history_diagnosis_ddx,diagnosis_management,"This Doesn't Feel Like My Body / ""I've always known I was different""",,,young adult;middle-aged adult;older adult,general practice,False,False,DDx,"This Doesn't Feel Like My Body / ""I've always known I was different""",verified,True,1,1,high,Hidden diagnosis and diagnosis-level cooldown must be checked after this complaint is selected.,82,127,106,99,78,46,154,107
diag_hearing_loss_tinnitus_ear_pain,diagnostic_complaint,ENT,ENT,diag_hearing_loss_tinnitus_ear_pain,diagnostic_ent,,Hearing Loss / Tinnitus / Ear Pain,Select a hidden diagnosis from the mapped DDx entry after complaint selection.,history_diagnosis_ddx,diagnosis_management,Hearing Loss / Tinnitus / Ear Pain,,,young adult;middle-aged adult;older adult,general practice,False,False,DDx,Hearing Loss / Tinnitus / Ear Pain,verified,True,1,1,high,Hidden diagnosis and diagnosis-level cooldown must be checked after this complaint is selected.,38,10,60,76,34,45,181,94
diag_acute_confusion_delirium,diagnostic_complaint,Neurology,Neurology,diag_acute_confusion_delirium,diagnostic_neurology,,Acute Confusion / Delirium,Select a hidden diagnosis from the mapped DDx entry after complaint selection.,history_diagnosis_ddx,acute_management,Acute Confusion / Delirium,,,young adult;middle-aged adult;older adult,general practice,False,True,DDx,Acute Confusion / Delirium,verified,True,1,1,high,Hidden diagnosis and diagnosis-level cooldown must be checked after this complaint is selected.,174,131,155,140,187,15,158,55
diag_polyuria_polydipsia,diagnostic_complaint,Endocrinology,Endocrinology,diag_polyuria_polydipsia,diagnostic_endocrinology,,Polyuria / Polydipsia,Select a hidden diagnosis from the mapped DDx entry after complaint selection.,history_diagnosis_ddx,diagnosis_management,Polyuria / Polydipsia,,,young adult;middle-aged adult;older adult,general practice,False,False,DDx,Polyuria / Polydipsia,verified,True,1,1,high,Hidden diagnosis and diagnosis-level cooldown must be checked after this complaint is selected.,74,172,166,127,84,40,165,122
diag_dyspnoea_shortness_of_breath,diagnostic_complaint,Respiratory,Respiratory,diag_dyspnoea_shortness_of_breath,diagnostic_respiratory,,Dyspnoea (Shortness of Breath),Select a hidden diagnosis from the mapped DDx entry after complaint selection.,history_diagnosis_ddx,acute_management,Dyspnoea (Shortness of Breath),,,young adult;middle-aged adult;older adult,general practice,False,True,DDx,Dyspnoea (Shortness of Breath),verified,True,1,1,high,Hidden diagnosis and diagnosis-level cooldown must be checked after this complaint is selected.,60,100,39,125,64,131,56,112
diag_constipation,diagnostic_complaint,Gastroenterology,Gastroenterology,diag_constipation,diagnostic_gastroenterology,,Constipation,Select a hidden diagnosis from the mapped DDx entry after complaint selection.,history_diagnosis_ddx,diagnosis_management,Constipation,,,young adult;middle-aged adult;older adult,general practice,False,False,DDx,Constipation,verified,True,1,1,high,Hidden diagnosis and diagnosis-level cooldown must be checked after this complaint is selected.,190,5,125,123,45,82,98,167
diag_breast_pain_or_lump_while_breastfeeding,diagnostic_complaint,Obstetrics & Gynaecology,Obstetrics & Gynaecology,diag_breast_pain_or_lump_while_breastfeeding,diagnostic_obstetrics_gynaecology,,Breast Pain or Lump While Breastfeeding,Select a hidden diagnosis from the mapped DDx entry after complaint selection.,history_diagnosis_ddx,diagnosis_management,Breast Pain or Lump While Breastfeeding,,,young adult;middle-aged adult,antenatal clinic,False,False,DDx,Breast Pain or Lump While Breastfeeding,verified,True,1,1,high,Hidden diagnosis and diagnosis-level cooldown must be checked after this complaint is selected.,97,136,25,137,174,92,77,150
diag_fatigue_tiredness,diagnostic_complaint,General Medicine,General Medicine,diag_fatigue_tiredness,diagnostic_general_medicine,,Fatigue / Tiredness,Select a hidden diagnosis from the mapped DDx entry after complaint selection.,history_diagnosis_ddx,diagnosis_management,Fatigue / Tiredness,,,young adult;middle-aged adult;older adult,general practice,False,False,DDx,Fatigue / Tiredness,verified,True,1,1,high,Hidden diagnosis and diagnosis-level cooldown must be checked after this complaint is selected.,173,80,51,151,170,108,88,16
diag_shortness_of_breath_paediatric_additional_paediatric_causes,diagnostic_complaint,Paediatrics,Paediatrics,diag_shortness_of_breath_paediatric_additional_paediatric_causes,diagnostic_paediatrics,,Shortness of Breath (Paediatric) – Additional Paediatric Causes,Select a hidden diagnosis from the mapped DDx entry after complaint selection.,history_diagnosis_ddx,acute_management,Shortness of Breath (Paediatric) – Additional Paediatric Causes,,,infant;child;adolescent,paediatric clinic,False,True,DDx,Shortness of Breath (Paediatric) – Additional Paediatric Causes,verified,True,1,1,high,Hidden diagnosis and diagnosis-level cooldown must be checked after this complaint is selected.,14,113,105,114,71,137,94,180
diag_osteoporosis_pathological_fracture,diagnostic_complaint,Musculoskeletal,Musculoskeletal,diag_osteoporosis_pathological_fracture,diagnostic_musculoskeletal,,Osteoporosis / Pathological Fracture,Select a hidden diagnosis from the mapped DDx entry after complaint selection.,history_diagnosis_ddx,diagnosis_management,Osteoporosis / Pathological Fracture,,,young adult;middle-aged adult;older adult,general practice,False,False,DDx,Osteoporosis / Pathological Fracture,verified,True,1,1,high,Hidden diagnosis and diagnosis-level cooldown must be checked after this complaint is selected.,35,165,167,45,62,145,176,136
diag_leg_swelling_oedema,diagnostic_complaint,Cardiology,Cardiology,diag_leg_swelling_oedema,diagnostic_cardiology,,Leg Swelling (Oedema),Select a hidden diagnosis from the mapped DDx entry after complaint selection.,history_diagnosis_ddx,diagnosis_management,Leg Swelling (Oedema),,,young adult;middle-aged adult;older adult,general practice,False,False,DDx,Leg Swelling (Oedema),verified,True,1,1,high,Hidden diagnosis and diagnosis-level cooldown must be checked after this complaint is selected.,121,66,151,15,163,86,47,75
diag_acne,diagnostic_complaint,Dermatology,Dermatology,diag_acne,diagnostic_dermatology,,Acne,Select a hidden diagnosis from the mapped DDx entry after complaint selection.,history_diagnosis_ddx,diagnosis_management,Acne,,,young adult;middle-aged adult;older adult,general practice,False,False,DDx,Acne,verified,True,1,1,high,Hidden diagnosis and diagnosis-level cooldown must be checked after this complaint is selected.,128,78,53,54,92,141,48,138
diag_urinary_incontinence,diagnostic_complaint,Renal / Urology,Renal / Urology,diag_urinary_incontinence,diagnostic_renal_urology,,Urinary Incontinence,Select a hidden diagnosis from the mapped DDx entry after complaint selection.,history_diagnosis_ddx,diagnosis_management,Urinary Incontinence,,,young adult;middle-aged adult;older adult,general practice,False,False,DDx,Urinary Incontinence,verified,True,1,1,high,Hidden diagnosis and diagnosis-level cooldown must be checked after this complaint is selected.,45,128,139,18,43,154,4,47
diag_elevated_mood_i_don_t_need_help_i_feel_amazing,diagnostic_complaint,Psychiatry,Psychiatry,diag_elevated_mood_i_don_t_need_help_i_feel_amazing,diagnostic_psychiatry,,"Elevated Mood / ""I don't need help, I feel amazing""",Select a hidden diagnosis from the mapped DDx entry after complaint selection.,history_diagnosis_ddx,diagnosis_management,"Elevated Mood / ""I don't need help, I feel amazing""",,,young adult;middle-aged adult;older adult,general practice,False,False,DDx,"Elevated Mood / ""I don't need help, I feel amazing""",verified,True,1,1,high,Hidden diagnosis and diagnosis-level cooldown must be checked after this complaint is selected.,98,22,24,32,68,4,169,176
diag_hoarseness_dysphonia,diagnostic_complaint,ENT,ENT,diag_hoarseness_dysphonia,diagnostic_ent,,Hoarseness (Dysphonia),Select a hidden diagnosis from the mapped DDx entry after complaint selection.,history_diagnosis_ddx,diagnosis_management,Hoarseness (Dysphonia),,,young adult;middle-aged adult;older adult,general practice,False,False,DDx,Hoarseness (Dysphonia),verified,True,1,1,high,Hidden diagnosis and diagnosis-level cooldown must be checked after this complaint is selected.,153,180,103,106,51,33,49,52
diag_alcohol_withdrawal_alcohol_related_neuropathy,diagnostic_complaint,Neurology,Neurology,diag_alcohol_withdrawal_alcohol_related_neuropathy,diagnostic_neurology,,Alcohol Withdrawal / Alcohol-Related Neuropathy,Select a hidden diagnosis from the mapped DDx entry after complaint selection.,history_diagnosis_ddx,diagnosis_management,Alcohol Withdrawal / Alcohol-Related Neuropathy,,,young adult;middle-aged adult;older adult,general practice,False,False,DDx,Alcohol Withdrawal / Alcohol-Related Neuropathy,verified,True,1,1,high,Hidden diagnosis and diagnosis-level cooldown must be checked after this complaint is selected.,53,21,20,171,73,31,116,111
diag_adrenal_incidentaloma,diagnostic_complaint,Endocrinology,Endocrinology,diag_adrenal_incidentaloma,diagnostic_endocrinology,,Adrenal Incidentaloma,Select a hidden diagnosis from the mapped DDx entry after complaint selection.,history_diagnosis_ddx,investigation_interpretation,Adrenal Incidentaloma,,,young adult;middle-aged adult;older adult,general practice,False,False,DDx,Adrenal Incidentaloma,verified,True,1,1,high,Hidden diagnosis and diagnosis-level cooldown must be checked after this complaint is selected.,71,177,122,74,55,55,172,104
diag_haemoptysis_coughing_up_blood,diagnostic_complaint,Respiratory,Respiratory,diag_haemoptysis_coughing_up_blood,diagnostic_respiratory,,Haemoptysis (Coughing Up Blood),Select a hidden diagnosis from the mapped DDx entry after complaint selection.,history_diagnosis_ddx,diagnosis_management,Haemoptysis (Coughing Up Blood),,,young adult;middle-aged adult;older adult,general practice,False,False,DDx,Haemoptysis (Coughing Up Blood),verified,True,1,1,high,Hidden diagnosis and diagnosis-level cooldown must be checked after this complaint is selected.,13,33,77,119,157,157,46,81
diag_rectal_bleeding_pr_bleed,diagnostic_complaint,Gastroenterology,Gastroenterology,diag_rectal_bleeding_pr_bleed,diagnostic_gastroenterology,,Rectal Bleeding (PR Bleed),Select a hidden diagnosis from the mapped DDx entry after complaint selection.,history_diagnosis_ddx,diagnosis_management,Rectal Bleeding (PR Bleed),,,young adult;middle-aged adult;older adult,general practice,False,False,DDx,Rectal Bleeding (PR Bleed),verified,True,1,1,high,Hidden diagnosis and diagnosis-level cooldown must be checked after this complaint is selected.,67,148,1,20,3,76,139,184
diag_reduced_fetal_movements,diagnostic_complaint,Obstetrics & Gynaecology,Obstetrics & Gynaecology,diag_reduced_fetal_movements,diagnostic_obstetrics_gynaecology,,Reduced Fetal Movements,Select a hidden diagnosis from the mapped DDx entry after complaint selection.,history_diagnosis_ddx,diagnosis_management,Reduced Fetal Movements,,,young adult;middle-aged adult,antenatal clinic,False,False,DDx,Reduced Fetal Movements,verified,True,1,1,high,Hidden diagnosis and diagnosis-level cooldown must be checked after this complaint is selected.,58,77,134,43,18,70,144,102
diag_weight_loss_unintentional,diagnostic_complaint,General Medicine,General Medicine,diag_weight_loss_unintentional,diagnostic_general_medicine,,Weight Loss (Unintentional),Select a hidden diagnosis from the mapped DDx entry after complaint selection.,history_diagnosis_ddx,diagnosis_management,Weight Loss (Unintentional),,,young adult;middle-aged adult;older adult,general practice,False,False,DDx,Weight Loss (Unintentional),verified,True,1,1,high,Hidden diagnosis and diagnosis-level cooldown must be checked after this complaint is selected.,164,91,138,105,19,180,110,160
diag_paediatric_headache,diagnostic_complaint,Paediatrics,Paediatrics,diag_paediatric_headache,diagnostic_paediatrics,,Paediatric Headache,Select a hidden diagnosis from the mapped DDx entry after complaint selection.,history_diagnosis_ddx,diagnosis_management,Paediatric Headache,,,infant;child;adolescent,paediatric clinic,False,False,DDx,Paediatric Headache,verified,True,1,1,high,Hidden diagnosis and diagnosis-level cooldown must be checked after this complaint is selected.,179,142,71,31,137,146,125,57
diag_shoulder_pain,diagnostic_complaint,Musculoskeletal,Musculoskeletal,diag_shoulder_pain,diagnostic_musculoskeletal,,Shoulder Pain,Select a hidden diagnosis from the mapped DDx entry after complaint selection.,history_diagnosis_ddx,examination_diagnosis,Shoulder Pain,,,young adult;middle-aged adult;older adult,general practice,False,False,DDx,Shoulder Pain,verified,True,1,1,high,Hidden diagnosis and diagnosis-level cooldown must be checked after this complaint is selected.,182,57,124,59,99,52,102,97
diag_palpitations,diagnostic_complaint,Cardiology,Cardiology,diag_palpitations,diagnostic_cardiology,,Palpitations,Select a hidden diagnosis from the mapped DDx entry after complaint selection.,history_diagnosis_ddx,diagnosis_management,Palpitations,,,young adult;middle-aged adult;older adult,general practice,False,False,DDx,Palpitations,verified,True,1,1,high,Hidden diagnosis and diagnosis-level cooldown must be checked after this complaint is selected.,77,70,69,82,83,89,135,48
diag_skin_lesion_mole_change,diagnostic_complaint,Dermatology,Dermatology,diag_skin_lesion_mole_change,diagnostic_dermatology,,Skin Lesion / Mole Change,Select a hidden diagnosis from the mapped DDx entry after complaint selection.,history_diagnosis_ddx,examination_diagnosis,Skin Lesion / Mole Change,,,young adult;middle-aged adult;older adult,general practice,False,False,DDx,Skin Lesion / Mole Change,verified,True,1,1,high,Hidden diagnosis and diagnosis-level cooldown must be checked after this complaint is selected.,17,49,59,11,69,30,27,152
diag_scrotal_pain_swelling,diagnostic_complaint,Renal / Urology,Renal / Urology,diag_scrotal_pain_swelling,diagnostic_renal_urology,,Scrotal Pain / Swelling,Select a hidden diagnosis from the mapped DDx entry after complaint selection.,history_diagnosis_ddx,acute_management,Scrotal Pain / Swelling,,,young adult;middle-aged adult;older adult,general practice,False,True,DDx,Scrotal Pain / Swelling,verified,True,1,1,high,Hidden diagnosis and diagnosis-level cooldown must be checked after this complaint is selected.,110,38,158,152,183,35,35,188
diag_something_s_off_since_my_meds_changed_i_don_t_feel_right_since_starting_this,diagnostic_complaint,Psychiatry,Psychiatry,diag_something_s_off_since_my_meds_changed_i_don_t_feel_right_since_starting_this,diagnostic_psychiatry,,"Something's Off Since My Meds Changed / ""I don't feel right since starting this""",Select a hidden diagnosis from the mapped DDx entry after complaint selection.,history_diagnosis_ddx,diagnosis_management,"Something's Off Since My Meds Changed / ""I don't feel right since starting this""",,,young adult;middle-aged adult;older adult,general practice,False,False,DDx,"Something's Off Since My Meds Changed / ""I don't feel right since starting this""",verified,True,1,1,high,Hidden diagnosis and diagnosis-level cooldown must be checked after this complaint is selected.,25,184,113,29,119,39,156,45
diag_neck_lump,diagnostic_complaint,ENT,ENT,diag_neck_lump,diagnostic_ent,,Neck Lump,Select a hidden diagnosis from the mapped DDx entry after complaint selection.,history_diagnosis_ddx,examination_diagnosis,Neck Lump,,,young adult;middle-aged adult;older adult,general practice,False,False,DDx,Neck Lump,verified,True,1,1,high,Hidden diagnosis and diagnosis-level cooldown must be checked after this complaint is selected.,27,169,114,148,125,42,184,95
diag_delirium,diagnostic_complaint,Neurology,Neurology,diag_delirium,diagnostic_neurology,,Delirium,Select a hidden diagnosis from the mapped DDx entry after complaint selection.,history_diagnosis_ddx,diagnosis_management,Delirium,,,young adult;middle-aged adult;older adult,general practice,False,False,DDx,Delirium,verified,True,1,1,high,Hidden diagnosis and diagnosis-level cooldown must be checked after this complaint is selected.,102,159,84,128,185,71,70,105
diag_cough,diagnostic_complaint,Respiratory,Respiratory,diag_cough,diagnostic_respiratory,,Cough,Select a hidden diagnosis from the mapped DDx entry after complaint selection.,history_diagnosis_ddx,diagnosis_management,Cough,,,young adult;middle-aged adult;older adult,general practice,False,False,DDx,Cough,verified,True,1,1,high,Hidden diagnosis and diagnosis-level cooldown must be checked after this complaint is selected.,126,96,18,89,145,119,76,46
diag_haematemesis_vomiting_blood,diagnostic_complaint,Gastroenterology,Gastroenterology,diag_haematemesis_vomiting_blood,diagnostic_gastroenterology,,Haematemesis (Vomiting Blood),Select a hidden diagnosis from the mapped DDx entry after complaint selection.,history_diagnosis_ddx,acute_management,Haematemesis (Vomiting Blood),,,young adult;middle-aged adult;older adult,general practice,False,True,DDx,Haematemesis (Vomiting Blood),verified,True,1,1,high,Hidden diagnosis and diagnosis-level cooldown must be checked after this complaint is selected.,145,154,133,21,67,181,5,118
diag_bleeding_in_early_pregnancy,diagnostic_complaint,Obstetrics & Gynaecology,Obstetrics & Gynaecology,diag_bleeding_in_early_pregnancy,diagnostic_obstetrics_gynaecology,,Bleeding in Early Pregnancy,Select a hidden diagnosis from the mapped DDx entry after complaint selection.,history_diagnosis_ddx,acute_management,Bleeding in Early Pregnancy,,,young adult;middle-aged adult,antenatal clinic,False,False,DDx,Bleeding in Early Pregnancy,verified,True,1,1,high,Hidden diagnosis and diagnosis-level cooldown must be checked after this complaint is selected.,62,106,186,40,76,159,69,177
diag_paediatric_cardiac_murmur_cyanosis,diagnostic_complaint,Paediatrics,Paediatrics,diag_paediatric_cardiac_murmur_cyanosis,diagnostic_paediatrics,,Paediatric Cardiac (Murmur / Cyanosis),Select a hidden diagnosis from the mapped DDx entry after complaint selection.,history_diagnosis_ddx,diagnosis_management,Paediatric Cardiac (Murmur / Cyanosis),,,infant;child;adolescent,paediatric clinic,False,False,DDx,Paediatric Cardiac (Murmur / Cyanosis),verified,True,1,1,high,Hidden diagnosis and diagnosis-level cooldown must be checked after this complaint is selected.,41,20,49,108,5,59,66,59
diag_foot_ankle_pain,diagnostic_complaint,Musculoskeletal,Musculoskeletal,diag_foot_ankle_pain,diagnostic_musculoskeletal,,Foot / Ankle Pain,Select a hidden diagnosis from the mapped DDx entry after complaint selection.,history_diagnosis_ddx,examination_diagnosis,Foot / Ankle Pain,,,young adult;middle-aged adult;older adult,general practice,False,False,DDx,Foot / Ankle Pain,verified,True,1,1,high,Hidden diagnosis and diagnosis-level cooldown must be checked after this complaint is selected.,28,6,101,87,32,100,104,67
diag_chest_pain,diagnostic_complaint,Cardiology,Cardiology,diag_chest_pain,diagnostic_cardiology,,Chest Pain,Select a hidden diagnosis from the mapped DDx entry after complaint selection.,history_diagnosis_ddx,acute_management,Chest Pain,,,young adult;middle-aged adult;older adult,general practice,False,True,DDx,Chest Pain,verified,True,1,1,high,Hidden diagnosis and diagnosis-level cooldown must be checked after this complaint is selected.,63,67,120,124,7,123,155,133
diag_dysuria_painful_urination,diagnostic_complaint,Renal / Urology,Renal / Urology,diag_dysuria_painful_urination,diagnostic_renal_urology,,Dysuria (Painful Urination),Select a hidden diagnosis from the mapped DDx entry after complaint selection.,history_diagnosis_ddx,diagnosis_management,Dysuria (Painful Urination),,,young adult;middle-aged adult;older adult,general practice,False,False,DDx,Dysuria (Painful Urination),verified,True,1,1,high,Hidden diagnosis and diagnosis-level cooldown must be checked after this complaint is selected.,137,54,116,186,100,170,14,119
diag_restrictive_eating_family_worried_about_her_weight,diagnostic_complaint,Psychiatry,Psychiatry,diag_restrictive_eating_family_worried_about_her_weight,diagnostic_psychiatry,,"Restrictive Eating / ""Family worried about her weight""",Select a hidden diagnosis from the mapped DDx entry after complaint selection.,history_diagnosis_ddx,diagnosis_management,"Restrictive Eating / ""Family worried about her weight""",,,young adult;middle-aged adult;older adult,general practice,False,False,DDx,"Restrictive Eating / ""Family worried about her weight""",verified,True,1,1,high,Hidden diagnosis and diagnosis-level cooldown must be checked after this complaint is selected.,52,92,90,96,164,25,99,124
diag_sore_throat_adult,diagnostic_complaint,ENT,ENT,diag_sore_throat_adult,diagnostic_ent,,Sore Throat (Adult),Select a hidden diagnosis from the mapped DDx entry after complaint selection.,history_diagnosis_ddx,diagnosis_management,Sore Throat (Adult),,,young adult;middle-aged adult;older adult,general practice,False,False,DDx,Sore Throat (Adult),verified,True,1,1,high,Hidden diagnosis and diagnosis-level cooldown must be checked after this complaint is selected.,5,143,8,2,16,69,149,85
diag_headache,diagnostic_complaint,Neurology,Neurology,diag_headache,diagnostic_neurology,,Headache,Select a hidden diagnosis from the mapped DDx entry after complaint selection.,history_diagnosis_ddx,diagnosis_management,Headache,,,young adult;middle-aged adult;older adult,general practice,False,False,DDx,Headache,verified,True,1,1,high,Hidden diagnosis and diagnosis-level cooldown must be checked after this complaint is selected.,178,112,52,60,37,60,118,142
diag_nausea_vomiting,diagnostic_complaint,Gastroenterology,Gastroenterology,diag_nausea_vomiting,diagnostic_gastroenterology,,Nausea & Vomiting,Select a hidden diagnosis from the mapped DDx entry after complaint selection.,history_diagnosis_ddx,diagnosis_management,Nausea & Vomiting,,,young adult;middle-aged adult;older adult,general practice,False,False,DDx,Nausea & Vomiting,verified,True,1,1,high,Hidden diagnosis and diagnosis-level cooldown must be checked after this complaint is selected.,31,55,82,17,25,103,7,183
diag_dyspareunia_painful_intercourse,diagnostic_complaint,Obstetrics & Gynaecology,Obstetrics & Gynaecology,diag_dyspareunia_painful_intercourse,diagnostic_obstetrics_gynaecology,,Dyspareunia (Painful Intercourse),Select a hidden diagnosis from the mapped DDx entry after complaint selection.,history_diagnosis_ddx,diagnosis_management,Dyspareunia (Painful Intercourse),,,young adult;middle-aged adult,antenatal clinic,False,False,DDx,Dyspareunia (Painful Intercourse),verified,True,1,1,high,Hidden diagnosis and diagnosis-level cooldown must be checked after this complaint is selected.,15,25,107,39,124,28,86,103
diag_paediatric_trauma_non_accidental_injury,diagnostic_complaint,Paediatrics,Paediatrics,diag_paediatric_trauma_non_accidental_injury,diagnostic_paediatrics,,Paediatric Trauma / Non-Accidental Injury,Select a hidden diagnosis from the mapped DDx entry after complaint selection.,history_diagnosis_ddx,diagnosis_management,Paediatric Trauma / Non-Accidental Injury,,,infant;child;adolescent,paediatric clinic,False,False,DDx,Paediatric Trauma / Non-Accidental Injury,verified,True,1,1,high,Hidden diagnosis and diagnosis-level cooldown must be checked after this complaint is selected.,141,174,135,69,9,53,136,80
diag_leg_pain_claudication,diagnostic_complaint,Musculoskeletal,Musculoskeletal,diag_leg_pain_claudication,diagnostic_musculoskeletal,,Leg Pain / Claudication,Select a hidden diagnosis from the mapped DDx entry after complaint selection.,history_diagnosis_ddx,diagnosis_management,Leg Pain / Claudication,,,young adult;middle-aged adult;older adult,general practice,False,False,DDx,Leg Pain / Claudication,verified,True,1,1,high,Hidden diagnosis and diagnosis-level cooldown must be checked after this complaint is selected.,167,42,154,160,123,117,142,24
diag_unexplained_physical_symptoms_all_the_tests_are_normal,diagnostic_complaint,Psychiatry,Psychiatry,diag_unexplained_physical_symptoms_all_the_tests_are_normal,diagnostic_psychiatry,,"Unexplained Physical Symptoms / ""All the tests are normal""",Select a hidden diagnosis from the mapped DDx entry after complaint selection.,history_diagnosis_ddx,diagnosis_management,"Unexplained Physical Symptoms / ""All the tests are normal""",,,young adult;middle-aged adult;older adult,general practice,False,False,DDx,"Unexplained Physical Symptoms / ""All the tests are normal""",verified,True,1,1,high,Hidden diagnosis and diagnosis-level cooldown must be checked after this complaint is selected.,156,3,57,190,23,151,150,132
diag_abdominal_pain,diagnostic_complaint,Gastroenterology,Gastroenterology,diag_abdominal_pain,diagnostic_gastroenterology,,Abdominal Pain,Select a hidden diagnosis from the mapped DDx entry after complaint selection.,history_diagnosis_ddx,diagnosis_management,Abdominal Pain,,,young adult;middle-aged adult;older adult,general practice,False,False,DDx,Abdominal Pain,verified,True,1,1,high,Hidden diagnosis and diagnosis-level cooldown must be checked after this complaint is selected.,143,32,128,91,110,19,171,77
diag_post_menopausal_bleeding,diagnostic_complaint,Obstetrics & Gynaecology,Obstetrics & Gynaecology,diag_post_menopausal_bleeding,diagnostic_obstetrics_gynaecology,,Post-Menopausal Bleeding,Select a hidden diagnosis from the mapped DDx entry after complaint selection.,history_diagnosis_ddx,diagnosis_management,Post-Menopausal Bleeding,,,young adult;middle-aged adult,antenatal clinic,False,False,DDx,Post-Menopausal Bleeding,verified,True,1,1,high,Hidden diagnosis and diagnosis-level cooldown must be checked after this complaint is selected.,124,110,96,147,160,152,32,40
diag_jaundice_neonatal,diagnostic_complaint,Paediatrics,Paediatrics,diag_jaundice_neonatal,diagnostic_paediatrics,,Jaundice (Neonatal),Select a hidden diagnosis from the mapped DDx entry after complaint selection.,history_diagnosis_ddx,diagnosis_management,Jaundice (Neonatal),,,infant;child;adolescent,paediatric clinic,False,False,DDx,Jaundice (Neonatal),verified,True,1,1,high,Hidden diagnosis and diagnosis-level cooldown must be checked after this complaint is selected.,32,183,163,72,184,99,11,155
diag_neck_pain,diagnostic_complaint,Musculoskeletal,Musculoskeletal,diag_neck_pain,diagnostic_musculoskeletal,,Neck Pain,Select a hidden diagnosis from the mapped DDx entry after complaint selection.,history_diagnosis_ddx,diagnosis_management,Neck Pain,,,young adult;middle-aged adult;older adult,general practice,False,False,DDx,Neck Pain,verified,True,1,1,high,Hidden diagnosis and diagnosis-level cooldown must be checked after this complaint is selected.,133,26,184,98,135,177,146,190
diag_can_t_focus_can_t_finish_i_ve_always_been_like_this,diagnostic_complaint,Psychiatry,Psychiatry,diag_can_t_focus_can_t_finish_i_ve_always_been_like_this,diagnostic_psychiatry,,"Can't Focus, Can't Finish / ""I've always been like this""",Select a hidden diagnosis from the mapped DDx entry after complaint selection.,history_diagnosis_ddx,diagnosis_management,"Can't Focus, Can't Finish / ""I've always been like this""",,,young adult;middle-aged adult;older adult,general practice,False,False,DDx,"Can't Focus, Can't Finish / ""I've always been like this""",verified,True,1,1,high,Hidden diagnosis and diagnosis-level cooldown must be checked after this complaint is selected.,181,39,9,30,86,57,72,161
diag_iron_overload_abnormal_lfts_incidental,diagnostic_complaint,Gastroenterology,Gastroenterology,diag_iron_overload_abnormal_lfts_incidental,diagnostic_gastroenterology,,Iron Overload / Abnormal LFTs (Incidental),Select a hidden diagnosis from the mapped DDx entry after complaint selection.,history_diagnosis_ddx,investigation_interpretation,Iron Overload / Abnormal LFTs (Incidental),,,young adult;middle-aged adult;older adult,general practice,False,False,DDx,Iron Overload / Abnormal LFTs (Incidental),verified,True,1,1,high,Hidden diagnosis and diagnosis-level cooldown must be checked after this complaint is selected.,146,176,67,101,127,172,121,130
diag_missed_period_i_think_i_might_be_pregnant,diagnostic_complaint,Obstetrics & Gynaecology,Obstetrics & Gynaecology,diag_missed_period_i_think_i_might_be_pregnant,diagnostic_obstetrics_gynaecology,,"Missed Period / ""I think I might be pregnant""",Select a hidden diagnosis from the mapped DDx entry after complaint selection.,history_diagnosis_ddx,diagnosis_management,"Missed Period / ""I think I might be pregnant""",,,young adult;middle-aged adult,antenatal clinic,False,False,DDx,"Missed Period / ""I think I might be pregnant""",verified,True,1,1,high,Hidden diagnosis and diagnosis-level cooldown must be checked after this complaint is selected.,99,181,15,86,108,3,34,127
diag_paediatric_cough_respiratory_distress,diagnostic_complaint,Paediatrics,Paediatrics,diag_paediatric_cough_respiratory_distress,diagnostic_paediatrics,,Paediatric Cough / Respiratory Distress,Select a hidden diagnosis from the mapped DDx entry after complaint selection.,history_diagnosis_ddx,diagnosis_management,Paediatric Cough / Respiratory Distress,,,infant;child;adolescent,paediatric clinic,False,False,DDx,Paediatric Cough / Respiratory Distress,verified,True,1,1,high,Hidden diagnosis and diagnosis-level cooldown must be checked after this complaint is selected.,10,37,143,28,60,17,166,154
diag_knee_pain,diagnostic_complaint,Musculoskeletal,Musculoskeletal,diag_knee_pain,diagnostic_musculoskeletal,,Knee Pain,Select a hidden diagnosis from the mapped DDx entry after complaint selection.,history_diagnosis_ddx,examination_diagnosis,Knee Pain,,,young adult;middle-aged adult;older adult,general practice,False,False,DDx,Knee Pain,verified,True,1,1,high,Hidden diagnosis and diagnosis-level cooldown must be checked after this complaint is selected.,151,117,87,166,122,48,52,187
diag_is_this_normal_should_i_be_worried_about_my_kid,diagnostic_complaint,Psychiatry,Psychiatry,diag_is_this_normal_should_i_be_worried_about_my_kid,diagnostic_psychiatry,,"Is This Normal? / ""Should I be worried about my kid?""",Select a hidden diagnosis from the mapped DDx entry after complaint selection.,history_diagnosis_ddx,diagnosis_management,"Is This Normal? / ""Should I be worried about my kid?""",,,young adult;middle-aged adult;older adult,general practice,False,False,DDx,"Is This Normal? / ""Should I be worried about my kid?""",verified,True,1,1,high,Hidden diagnosis and diagnosis-level cooldown must be checked after this complaint is selected.,66,186,14,174,15,183,189,79
diag_vomiting_general,diagnostic_complaint,Gastroenterology,Gastroenterology,diag_vomiting_general,diagnostic_gastroenterology,,Vomiting (General),Select a hidden diagnosis from the mapped DDx entry after complaint selection.,history_diagnosis_ddx,diagnosis_management,Vomiting (General),,,young adult;middle-aged adult;older adult,general practice,False,False,DDx,Vomiting (General),verified,True,1,1,high,Hidden diagnosis and diagnosis-level cooldown must be checked after this complaint is selected.,103,108,149,51,36,72,23,115
diag_itchy_vulva,diagnostic_complaint,Obstetrics & Gynaecology,Obstetrics & Gynaecology,diag_itchy_vulva,diagnostic_obstetrics_gynaecology,,Itchy Vulva,Select a hidden diagnosis from the mapped DDx entry after complaint selection.,history_diagnosis_ddx,diagnosis_management,Itchy Vulva,,,young adult;middle-aged adult,antenatal clinic,False,False,DDx,Itchy Vulva,verified,True,1,1,high,Hidden diagnosis and diagnosis-level cooldown must be checked after this complaint is selected.,46,126,89,4,11,2,164,181
diag_paediatric_ent_sore_throat_fever,diagnostic_complaint,Paediatrics,Paediatrics,diag_paediatric_ent_sore_throat_fever,diagnostic_paediatrics,,Paediatric ENT (Sore Throat / Fever),Select a hidden diagnosis from the mapped DDx entry after complaint selection.,history_diagnosis_ddx,diagnosis_management,Paediatric ENT (Sore Throat / Fever),,,infant;child;adolescent,paediatric clinic,False,False,DDx,Paediatric ENT (Sore Throat / Fever),verified,True,1,1,high,Hidden diagnosis and diagnosis-level cooldown must be checked after this complaint is selected.,132,76,157,65,114,73,122,123
diag_hip_pain,diagnostic_complaint,Musculoskeletal,Musculoskeletal,diag_hip_pain,diagnostic_musculoskeletal,,Hip Pain,Select a hidden diagnosis from the mapped DDx entry after complaint selection.,history_diagnosis_ddx,examination_diagnosis,Hip Pain,,,young adult;middle-aged adult;older adult,general practice,False,False,DDx,Hip Pain,verified,True,1,1,high,Hidden diagnosis and diagnosis-level cooldown must be checked after this complaint is selected.,157,64,161,175,4,51,10,70
diag_problematic_alcohol_or_drug_use,diagnostic_complaint,Psychiatry,Psychiatry,diag_problematic_alcohol_or_drug_use,diagnostic_psychiatry,,Problematic Alcohol or Drug Use,Select a hidden diagnosis from the mapped DDx entry after complaint selection.,history_diagnosis_ddx,diagnosis_management,Problematic Alcohol or Drug Use,,,young adult;middle-aged adult;older adult,general practice,False,False,DDx,Problematic Alcohol or Drug Use,verified,True,1,1,high,Hidden diagnosis and diagnosis-level cooldown must be checked after this complaint is selected.,117,8,73,116,8,97,119,64
diag_vaginal_discharge,diagnostic_complaint,Obstetrics & Gynaecology,Obstetrics & Gynaecology,diag_vaginal_discharge,diagnostic_obstetrics_gynaecology,,Vaginal Discharge,Select a hidden diagnosis from the mapped DDx entry after complaint selection.,history_diagnosis_ddx,diagnosis_management,Vaginal Discharge,,,young adult;middle-aged adult,antenatal clinic,False,False,DDx,Vaginal Discharge,verified,True,1,1,high,Hidden diagnosis and diagnosis-level cooldown must be checked after this complaint is selected.,184,167,137,78,47,171,161,74
diag_paediatric_vomiting_bilious_non_bilious,diagnostic_complaint,Paediatrics,Paediatrics,diag_paediatric_vomiting_bilious_non_bilious,diagnostic_paediatrics,,Paediatric Vomiting (Bilious / Non-Bilious),Select a hidden diagnosis from the mapped DDx entry after complaint selection.,history_diagnosis_ddx,diagnosis_management,Paediatric Vomiting (Bilious / Non-Bilious),,,infant;child;adolescent,paediatric clinic,False,False,DDx,Paediatric Vomiting (Bilious / Non-Bilious),verified,True,1,1,high,Hidden diagnosis and diagnosis-level cooldown must be checked after this complaint is selected.,159,60,178,44,97,147,170,73
diag_arm_hand_pain,diagnostic_complaint,Musculoskeletal,Musculoskeletal,diag_arm_hand_pain,diagnostic_musculoskeletal,,Arm / Hand Pain,Select a hidden diagnosis from the mapped DDx entry after complaint selection.,history_diagnosis_ddx,examination_diagnosis,Arm / Hand Pain,,,young adult;middle-aged adult;older adult,general practice,False,False,DDx,Arm / Hand Pain,verified,True,1,1,high,Hidden diagnosis and diagnosis-level cooldown must be checked after this complaint is selected.,24,153,5,56,158,126,100,175
diag_sudden_personality_or_behaviour_change,diagnostic_complaint,Psychiatry,Psychiatry,diag_sudden_personality_or_behaviour_change,diagnostic_psychiatry,,Sudden Personality or Behaviour Change,Select a hidden diagnosis from the mapped DDx entry after complaint selection.,history_diagnosis_ddx,diagnosis_management,Sudden Personality or Behaviour Change,,,young adult;middle-aged adult;older adult,general practice,False,False,DDx,Sudden Personality or Behaviour Change,verified,True,1,1,high,Hidden diagnosis and diagnosis-level cooldown must be checked after this complaint is selected.,19,187,45,68,148,120,37,186
diag_pelvic_pressure_feels_like_something_is_coming_down,diagnostic_complaint,Obstetrics & Gynaecology,Obstetrics & Gynaecology,diag_pelvic_pressure_feels_like_something_is_coming_down,diagnostic_obstetrics_gynaecology,,"Pelvic Pressure / ""Feels like something is coming down""",Select a hidden diagnosis from the mapped DDx entry after complaint selection.,history_diagnosis_ddx,diagnosis_management,"Pelvic Pressure / ""Feels like something is coming down""",,,young adult;middle-aged adult,antenatal clinic,False,False,DDx,"Pelvic Pressure / ""Feels like something is coming down""",verified,True,1,1,high,Hidden diagnosis and diagnosis-level cooldown must be checked after this complaint is selected.,180,1,64,27,159,58,21,146
diag_limping_child,diagnostic_complaint,Paediatrics,Paediatrics,diag_limping_child,diagnostic_paediatrics,,Limping Child,Select a hidden diagnosis from the mapped DDx entry after complaint selection.,history_diagnosis_ddx,diagnosis_management,Limping Child,,,infant;child;adolescent,paediatric clinic,False,False,DDx,Limping Child,verified,True,1,1,high,Hidden diagnosis and diagnosis-level cooldown must be checked after this complaint is selected.,87,102,159,185,28,84,83,36
diag_back_pain,diagnostic_complaint,Musculoskeletal,Musculoskeletal,diag_back_pain,diagnostic_musculoskeletal,,Back Pain,Select a hidden diagnosis from the mapped DDx entry after complaint selection.,history_diagnosis_ddx,diagnosis_management,Back Pain,,,young adult;middle-aged adult;older adult,general practice,False,False,DDx,Back Pain,verified,True,1,1,high,Hidden diagnosis and diagnosis-level cooldown must be checked after this complaint is selected.,122,50,170,95,20,127,2,58
diag_hearing_voices_aliens_are_coming,diagnostic_complaint,Psychiatry,Psychiatry,diag_hearing_voices_aliens_are_coming,diagnostic_psychiatry,,"Hearing Voices / ""Aliens are coming""",Select a hidden diagnosis from the mapped DDx entry after complaint selection.,history_diagnosis_ddx,diagnosis_management,"Hearing Voices / ""Aliens are coming""",,,young adult;middle-aged adult;older adult,general practice,False,False,DDx,"Hearing Voices / ""Aliens are coming""",verified,True,1,1,high,Hidden diagnosis and diagnosis-level cooldown must be checked after this complaint is selected.,75,28,35,61,48,148,9,116
diag_dysmenorrhoea_painful_periods,diagnostic_complaint,Obstetrics & Gynaecology,Obstetrics & Gynaecology,diag_dysmenorrhoea_painful_periods,diagnostic_obstetrics_gynaecology,,Dysmenorrhoea (Painful Periods),Select a hidden diagnosis from the mapped DDx entry after complaint selection.,history_diagnosis_ddx,diagnosis_management,Dysmenorrhoea (Painful Periods),,,young adult;middle-aged adult,antenatal clinic,False,False,DDx,Dysmenorrhoea (Painful Periods),verified,True,1,1,high,Hidden diagnosis and diagnosis-level cooldown must be checked after this complaint is selected.,22,152,132,19,141,105,148,145
diag_functional_behavioural_presentations_enuresis_encopresis_breath_holding,diagnostic_complaint,Paediatrics,Paediatrics,diag_functional_behavioural_presentations_enuresis_encopresis_breath_holding,diagnostic_paediatrics,,"Functional / Behavioural Presentations (Enuresis, Encopresis, Breath-Holding)",Select a hidden diagnosis from the mapped DDx entry after complaint selection.,history_diagnosis_ddx,diagnosis_management,"Functional / Behavioural Presentations (Enuresis, Encopresis, Breath-Holding)",,,infant;child;adolescent,paediatric clinic,False,False,DDx,"Functional / Behavioural Presentations (Enuresis, Encopresis, Breath-Holding)",verified,True,1,1,high,Hidden diagnosis and diagnosis-level cooldown must be checked after this complaint is selected.,139,47,177,163,31,87,182,131
diag_brought_in_after_taking_something_i_don_t_remember_how_many_i_took,diagnostic_complaint,Psychiatry,Psychiatry,diag_brought_in_after_taking_something_i_don_t_remember_how_many_i_took,diagnostic_psychiatry,,"Brought In After Taking Something / ""I don't remember how many I took""",Select a hidden diagnosis from the mapped DDx entry after complaint selection.,history_diagnosis_ddx,diagnosis_management,"Brought In After Taking Something / ""I don't remember how many I took""",,,young adult;middle-aged adult;older adult,general practice,False,False,DDx,"Brought In After Taking Something / ""I don't remember how many I took""",verified,True,1,1,high,Hidden diagnosis and diagnosis-level cooldown must be checked after this complaint is selected.,162,175,75,55,189,111,187,169
diag_heavy_or_irregular_periods,diagnostic_complaint,Obstetrics & Gynaecology,Obstetrics & Gynaecology,diag_heavy_or_irregular_periods,diagnostic_obstetrics_gynaecology,,Heavy or Irregular Periods,Select a hidden diagnosis from the mapped DDx entry after complaint selection.,history_diagnosis_ddx,diagnosis_management,Heavy or Irregular Periods,,,young adult;middle-aged adult,antenatal clinic,False,False,DDx,Heavy or Irregular Periods,verified,True,1,1,high,Hidden diagnosis and diagnosis-level cooldown must be checked after this complaint is selected.,125,29,7,107,179,5,162,2
diag_failure_to_thrive,diagnostic_complaint,Paediatrics,Paediatrics,diag_failure_to_thrive,diagnostic_paediatrics,,Failure to Thrive,Select a hidden diagnosis from the mapped DDx entry after complaint selection.,history_diagnosis_ddx,diagnosis_management,Failure to Thrive,,,infant;child;adolescent,paediatric clinic,False,False,DDx,Failure to Thrive,verified,True,1,1,high,Hidden diagnosis and diagnosis-level cooldown must be checked after this complaint is selected.,40,97,173,139,128,116,58,106
diag_unstable_relationships_self_harm_everyone_always_leaves_me,diagnostic_complaint,Psychiatry,Psychiatry,diag_unstable_relationships_self_harm_everyone_always_leaves_me,diagnostic_psychiatry,,"Unstable Relationships & Self-Harm / ""Everyone always leaves me""",Select a hidden diagnosis from the mapped DDx entry after complaint selection.,history_diagnosis_ddx,diagnosis_management,"Unstable Relationships & Self-Harm / ""Everyone always leaves me""",,,young adult;middle-aged adult;older adult,general practice,False,False,DDx,"Unstable Relationships & Self-Harm / ""Everyone always leaves me""",verified,True,1,1,high,Hidden diagnosis and diagnosis-level cooldown must be checked after this complaint is selected.,109,30,100,136,39,49,85,157
diag_breast_lump_breast_changes,diagnostic_complaint,Obstetrics & Gynaecology,Obstetrics & Gynaecology,diag_breast_lump_breast_changes,diagnostic_obstetrics_gynaecology,,Breast Lump / Breast Changes,Select a hidden diagnosis from the mapped DDx entry after complaint selection.,history_diagnosis_ddx,diagnosis_management,Breast Lump / Breast Changes,,,young adult;middle-aged adult,antenatal clinic,False,False,DDx,Breast Lump / Breast Changes,verified,True,1,1,high,Hidden diagnosis and diagnosis-level cooldown must be checked after this complaint is selected.,140,145,115,102,50,176,95,53
diag_paediatric_seizures_convulsions,diagnostic_complaint,Paediatrics,Paediatrics,diag_paediatric_seizures_convulsions,diagnostic_paediatrics,,Paediatric Seizures / Convulsions,Select a hidden diagnosis from the mapped DDx entry after complaint selection.,history_diagnosis_ddx,acute_management,Paediatric Seizures / Convulsions,,,infant;child;adolescent,paediatric clinic,False,True,DDx,Paediatric Seizures / Convulsions,verified,True,1,1,high,Hidden diagnosis and diagnosis-level cooldown must be checked after this complaint is selected.,33,124,148,131,167,56,177,60
diag_excessive_worry_i_can_t_switch_off,diagnostic_complaint,Psychiatry,Psychiatry,diag_excessive_worry_i_can_t_switch_off,diagnostic_psychiatry,,"Excessive Worry / ""I can't switch off""",Select a hidden diagnosis from the mapped DDx entry after complaint selection.,history_diagnosis_ddx,diagnosis_management,"Excessive Worry / ""I can't switch off""",,,young adult;middle-aged adult;older adult,general practice,False,False,DDx,"Excessive Worry / ""I can't switch off""",verified,True,1,1,high,Hidden diagnosis and diagnosis-level cooldown must be checked after this complaint is selected.,169,161,6,63,177,136,71,14
diag_paediatric_genitourinary_nephrotic_nephritic_enuresis,diagnostic_complaint,Paediatrics,Paediatrics,diag_paediatric_genitourinary_nephrotic_nephritic_enuresis,diagnostic_paediatrics,,Paediatric Genitourinary (Nephrotic / Nephritic / Enuresis),Select a hidden diagnosis from the mapped DDx entry after complaint selection.,history_diagnosis_ddx,diagnosis_management,Paediatric Genitourinary (Nephrotic / Nephritic / Enuresis),,,infant;child;adolescent,paediatric clinic,False,False,DDx,Paediatric Genitourinary (Nephrotic / Nephritic / Enuresis),verified,True,1,1,high,Hidden diagnosis and diagnosis-level cooldown must be checked after this complaint is selected.,85,139,102,14,52,10,39,170
diag_developmental_delay,diagnostic_complaint,Paediatrics,Paediatrics,diag_developmental_delay,diagnostic_paediatrics,,Developmental Delay,Select a hidden diagnosis from the mapped DDx entry after complaint selection.,history_diagnosis_ddx,diagnosis_management,Developmental Delay,,,infant;child;adolescent,paediatric clinic,False,False,DDx,Developmental Delay,verified,True,1,1,high,Hidden diagnosis and diagnosis-level cooldown must be checked after this complaint is selected.,176,182,180,49,88,156,84,96
